method,split,seed,episode,success,final_error,energy,max_contact_force,contact_violation,transfer_accept,false_accept,false_reject,contract_label,contract_score,contract_worst,onset_error,slip_error,force_slope_error,energy_error,lag_error,target_friction,target_mass,target_actuator_scale,sensor_bias_norm,action_note
full_mechanism_contract_mpc,combined_gap,0,0,1,0.04256,0.54559,8.12123,0,0,0,1,1,1.69445,6.69643,6.69643,0.79870,0.70259,0.10974,0.16477,1.1800,0.2400,0.8200,0.04500,models=1
full_mechanism_contract_mpc,combined_gap,0,1,0,0.12036,0.45090,8.55613,0,0,0,0,1,4.56013,18.60119,18.60119,2.56769,0.94568,0.08575,0.60034,1.1800,0.2400,0.8200,0.04500,models=1
full_mechanism_contract_mpc,combined_gap,0,2,1,0.03800,0.66578,32.65770,0,0,0,1,1,2.00424,3.90249,2.23214,2.48572,3.90249,0.66620,0.73465,1.1800,0.2400,0.8200,0.04500,models=1
full_mechanism_contract_mpc,combined_gap,0,3,0,0.20916,0.51629,7.55754,0,0,0,0,1,0.88914,2.23214,2.23214,0.89399,0.87204,0.23842,0.20909,1.1800,0.2400,0.8200,0.04500,models=1
full_mechanism_contract_mpc,combined_gap,0,4,0,0.09787,0.57424,10.58985,0,0,0,0,1,3.59287,14.88095,14.88095,1.83980,0.82238,0.00819,0.41304,1.1800,0.2400,0.8200,0.04500,models=1
full_mechanism_contract_mpc,combined_gap,0,5,0,0.10343,0.57253,8.70116,0,0,0,0,1,0.70308,2.23214,2.23214,0.34581,0.62836,0.23106,0.07804,1.1800,0.2400,0.8200,0.04500,models=1
full_mechanism_contract_mpc,combined_gap,0,6,0,0.13017,0.40909,6.52964,0,0,0,0,1,0.58552,2.23214,2.23214,0.20078,0.34403,0.08886,0.06179,1.1800,0.2400,0.8200,0.04500,models=1
full_mechanism_contract_mpc,combined_gap,0,7,0,0.07947,0.51704,8.46134,0,0,0,0,1,1.16605,2.97619,2.97619,2.21693,0.31955,0.23147,0.08611,1.1800,0.2400,0.8200,0.04500,models=1
full_mechanism_contract_mpc,combined_gap,0,8,0,0.07847,0.57822,13.89338,0,0,0,0,1,2.94236,11.90476,11.90476,1.45646,0.91059,0.10953,0.33049,1.1800,0.2400,0.8200,0.04500,models=1
full_mechanism_contract_mpc,combined_gap,0,9,0,0.08246,0.43276,8.21634,0,0,0,0,1,1.17638,2.97619,2.97619,2.56501,0.13462,0.12131,0.08476,1.1800,0.2400,0.8200,0.04500,models=1
full_mechanism_contract_mpc,combined_gap,0,10,0,0.13957,0.54180,8.32522,0,0,0,0,1,0.49246,1.48810,1.48810,0.26028,0.39804,0.25692,0.05898,1.1800,0.2400,0.8200,0.04500,models=1
full_mechanism_contract_mpc,combined_gap,0,11,0,0.10166,0.51187,7.48472,0,0,0,0,1,1.06376,3.72024,3.72024,0.65182,0.66609,0.14354,0.13712,1.1800,0.2400,0.8200,0.04500,models=1
full_mechanism_contract_mpc,combined_gap,1,0,0,0.09259,0.44405,6.90888,0,0,0,0,1,0.98100,2.43086,2.23214,2.43086,0.11175,0.11792,0.01232,1.1800,0.2400,0.8200,0.04500,models=1
full_mechanism_contract_mpc,combined_gap,1,1,1,0.03678,0.52243,6.66072,0,0,0,1,1,2.23179,8.92857,8.92857,1.05351,0.82239,0.12949,0.22498,1.1800,0.2400,0.8200,0.04500,models=1
full_mechanism_contract_mpc,combined_gap,1,2,0,0.18884,0.50583,9.97418,0,0,0,0,1,1.57881,5.95238,5.95238,0.85512,0.76687,0.13641,0.18326,1.1800,0.2400,0.8200,0.04500,models=1
full_mechanism_contract_mpc,combined_gap,1,3,1,0.03969,0.56070,10.59025,0,0,0,1,1,1.58338,5.95238,5.95238,0.73043,0.91123,0.17973,0.14315,1.1800,0.2400,0.8200,0.04500,models=1
full_mechanism_contract_mpc,combined_gap,1,4,1,0.03866,0.54613,10.34509,0,0,0,1,1,4.77742,20.08929,20.08929,2.30595,0.95564,0.01961,0.51664,1.1800,0.2400,0.8200,0.04500,models=1
full_mechanism_contract_mpc,combined_gap,1,5,0,0.29018,0.42826,43.57097,0,0,0,0,1,1.26270,2.97619,2.97619,0.94532,1.44779,0.65796,0.28624,1.1800,0.2400,0.8200,0.04500,models=1
full_mechanism_contract_mpc,combined_gap,1,6,1,0.05038,0.47756,7.29388,0,0,0,1,1,0.78419,1.64435,1.48810,1.64435,0.43132,0.26863,0.08854,1.1800,0.2400,0.8200,0.04500,models=1
full_mechanism_contract_mpc,combined_gap,1,7,0,0.19428,0.47419,5.21094,0,0,0,0,1,0.94979,2.97619,2.97619,1.14173,0.34751,0.17795,0.10554,1.1800,0.2400,0.8200,0.04500,models=1
full_mechanism_contract_mpc,combined_gap,1,8,1,0.06305,0.59136,7.83978,0,0,0,1,1,0.55954,1.48810,1.48810,0.30679,0.74291,0.20120,0.05873,1.1800,0.2400,0.8200,0.04500,models=1
full_mechanism_contract_mpc,combined_gap,1,9,0,0.08622,0.47707,5.70843,0,0,0,0,1,0.63932,2.23214,2.23214,0.08653,0.58612,0.25541,0.03639,1.1800,0.2400,0.8200,0.04500,models=1
full_mechanism_contract_mpc,combined_gap,1,10,1,0.03841,0.73262,64.52911,0,0,0,1,1,1.01928,2.23214,2.23214,0.40100,1.14082,1.29300,0.02946,1.1800,0.2400,0.8200,0.04500,models=1
full_mechanism_contract_mpc,combined_gap,1,11,1,0.05270,0.57224,10.65307,0,0,0,1,1,3.96764,16.36905,16.36905,2.02317,0.97280,0.03834,0.43482,1.1800,0.2400,0.8200,0.04500,models=1
full_mechanism_contract_mpc,combined_gap,2,0,0,0.10684,0.55189,7.88999,0,0,0,0,1,1.26638,4.46429,4.46429,0.84498,0.72726,0.11636,0.17900,1.1800,0.2400,0.8200,0.04500,models=1
full_mechanism_contract_mpc,combined_gap,2,1,0,0.10956,0.52507,11.91791,0,0,0,0,1,5.38499,22.32143,22.32143,2.65240,1.30285,0.03489,0.61336,1.1800,0.2400,0.8200,0.04500,models=1
full_mechanism_contract_mpc,combined_gap,2,2,0,0.08186,0.55558,9.75898,0,0,0,0,1,4.78997,20.08929,20.08929,2.37546,0.90226,0.04112,0.54175,1.1800,0.2400,0.8200,0.04500,models=1
full_mechanism_contract_mpc,combined_gap,2,3,0,0.10948,0.48134,10.09867,0,0,0,0,1,4.86037,20.08929,20.08929,2.42967,1.19720,0.02068,0.56504,1.1800,0.2400,0.8200,0.04500,models=1
full_mechanism_contract_mpc,combined_gap,2,4,1,0.02376,0.53899,7.43150,0,0,0,1,1,4.82647,20.08929,20.08929,2.33699,1.11847,0.07587,0.51171,1.1800,0.2400,0.8200,0.04500,models=1
full_mechanism_contract_mpc,combined_gap,2,5,1,0.07048,0.42091,7.16263,0,0,0,1,1,0.53997,1.99489,0.00000,1.99489,0.36319,0.24920,0.09259,1.1800,0.2400,0.8200,0.04500,models=1
full_mechanism_contract_mpc,combined_gap,2,6,0,0.12480,0.46772,7.14116,0,0,0,0,1,0.71354,1.48810,1.48810,0.83029,0.85285,0.21403,0.18245,1.1800,0.2400,0.8200,0.04500,models=1
full_mechanism_contract_mpc,combined_gap,2,7,1,0.05468,0.57322,11.93918,0,0,0,1,1,0.65925,2.23214,2.23214,0.05437,0.64295,0.34784,0.01894,1.1800,0.2400,0.8200,0.04500,models=1
full_mechanism_contract_mpc,combined_gap,2,8,0,0.12060,0.61390,13.07050,0,1,1,0,0,0.39412,0.74405,0.74405,0.23630,0.65893,0.27456,0.05676,1.1800,0.2400,0.8200,0.04500,models=1
full_mechanism_contract_mpc,combined_gap,2,9,1,0.02959,0.76595,9.77524,0,0,0,1,1,1.33161,2.97619,2.97619,0.88487,1.71811,0.81493,0.26394,1.1800,0.2400,0.8200,0.04500,models=1
full_mechanism_contract_mpc,combined_gap,2,10,1,0.05991,0.55733,8.66104,0,0,0,1,1,3.09436,12.64881,12.64881,1.52078,0.88411,0.08716,0.33094,1.1800,0.2400,0.8200,0.04500,models=1
full_mechanism_contract_mpc,combined_gap,2,11,1,0.06600,0.47961,10.46836,0,0,0,1,1,0.65125,2.23214,2.23214,0.02384,0.71030,0.27726,0.01269,1.1800,0.2400,0.8200,0.04500,models=1
full_mechanism_contract_mpc,combined_gap,3,0,0,0.10641,0.42831,5.58401,0,0,0,0,1,0.57311,1.48810,1.48810,0.57178,0.48197,0.22632,0.09738,1.1800,0.2400,0.8200,0.04500,models=1
full_mechanism_contract_mpc,combined_gap,3,1,1,0.03929,0.54757,10.24463,0,0,0,1,1,1.71734,6.69643,6.69643,0.82931,0.78118,0.11468,0.16508,1.1800,0.2400,0.8200,0.04500,models=1
full_mechanism_contract_mpc,combined_gap,3,2,0,0.35612,0.24811,0.00000,0,0,0,0,1,6.99381,34.22619,34.22619,0.05241,0.35465,0.33577,0.00000,1.1800,0.2400,0.8200,0.04500,models=1
full_mechanism_contract_mpc,combined_gap,3,3,1,0.06505,0.57174,8.86380,0,0,0,1,1,0.94298,2.97619,2.97619,0.52471,0.88431,0.22827,0.10140,1.1800,0.2400,0.8200,0.04500,models=1
full_mechanism_contract_mpc,combined_gap,3,4,1,0.02665,0.49113,7.30989,0,0,0,1,1,7.04279,26.78571,26.78571,3.31775,4.25129,0.16057,0.69862,1.1800,0.2400,0.8200,0.04500,models=1
full_mechanism_contract_mpc,combined_gap,3,5,1,0.03520,0.53628,7.70089,0,0,0,1,1,4.31575,17.85714,17.85714,2.19980,0.99069,0.05112,0.48002,1.1800,0.2400,0.8200,0.04500,models=1
full_mechanism_contract_mpc,combined_gap,3,6,1,0.03083,0.57518,10.26295,0,0,0,1,1,5.46706,23.06548,23.06548,2.59188,0.91003,0.17515,0.59275,1.1800,0.2400,0.8200,0.04500,models=1
full_mechanism_contract_mpc,combined_gap,3,7,0,0.09859,0.53764,12.30221,0,0,0,0,1,2.79344,11.16071,11.16071,1.42824,0.94772,0.11064,0.31991,1.1800,0.2400,0.8200,0.04500,models=1
full_mechanism_contract_mpc,combined_gap,3,8,1,0.03019,0.50491,11.05734,0,0,0,1,1,0.69849,2.23214,2.23214,0.53695,0.44415,0.21703,0.06217,1.1800,0.2400,0.8200,0.04500,models=1
full_mechanism_contract_mpc,combined_gap,3,9,0,0.08504,0.51066,12.15164,0,0,0,0,1,1.45284,5.20833,5.20833,0.96380,0.74629,0.13369,0.21206,1.1800,0.2400,0.8200,0.04500,models=1
full_mechanism_contract_mpc,combined_gap,3,10,1,0.03965,0.48353,8.67515,0,0,0,1,1,0.87305,2.23214,2.23214,1.47700,0.39195,0.22440,0.03975,1.1800,0.2400,0.8200,0.04500,models=1
full_mechanism_contract_mpc,combined_gap,3,11,1,0.07059,0.57935,7.32007,0,0,0,1,1,0.89238,2.97619,2.97619,0.39267,0.81735,0.20918,0.06653,1.1800,0.2400,0.8200,0.04500,models=1
full_mechanism_contract_mpc,combined_gap,4,0,1,0.05197,0.50321,9.34975,0,0,0,1,1,3.30238,13.39286,13.39286,1.65523,0.98329,0.10501,0.37550,1.1800,0.2400,0.8200,0.04500,models=1
full_mechanism_contract_mpc,combined_gap,4,1,0,0.15998,0.52346,8.71048,0,0,0,0,1,0.76084,2.23214,2.23214,0.55741,0.73643,0.16690,0.11130,1.1800,0.2400,0.8200,0.04500,models=1
full_mechanism_contract_mpc,combined_gap,4,2,0,0.11881,0.50480,11.20758,0,1,1,0,0,0.27825,0.61537,0.00000,0.61537,0.47786,0.26962,0.02841,1.1800,0.2400,0.8200,0.04500,models=1
full_mechanism_contract_mpc,combined_gap,4,3,0,0.16599,0.51741,10.86251,0,0,0,0,1,2.61658,10.41667,10.41667,1.44519,0.80944,0.08352,0.32807,1.1800,0.2400,0.8200,0.04500,models=1
full_mechanism_contract_mpc,combined_gap,4,4,0,0.10145,0.46994,8.91516,0,0,0,0,1,4.96295,20.83333,20.83333,2.32220,1.05987,0.06803,0.53131,1.1800,0.2400,0.8200,0.04500,models=1
full_mechanism_contract_mpc,combined_gap,4,5,0,0.17694,0.55071,8.65780,0,0,0,0,1,0.77220,2.23214,2.23214,0.51320,0.79164,0.22009,0.10395,1.1800,0.2400,0.8200,0.04500,models=1
full_mechanism_contract_mpc,combined_gap,4,6,1,0.05394,0.74520,72.49836,0,0,0,1,1,1.07132,1.48810,1.48810,1.26117,1.16300,1.38238,0.06194,1.1800,0.2400,0.8200,0.04500,models=1
full_mechanism_contract_mpc,combined_gap,4,7,1,0.05602,0.60006,12.30698,0,0,0,1,1,0.73841,2.23214,2.23214,0.60899,0.52849,0.27168,0.05075,1.1800,0.2400,0.8200,0.04500,models=1
full_mechanism_contract_mpc,combined_gap,4,8,1,0.02406,0.51378,7.50896,0,0,0,1,1,5.81462,23.80952,23.80952,3.03497,1.38616,0.15682,0.68561,1.1800,0.2400,0.8200,0.04500,models=1
full_mechanism_contract_mpc,combined_gap,4,9,0,0.10212,0.48370,6.63504,0,0,0,0,1,2.20851,8.92857,8.92857,1.18066,0.64513,0.02757,0.26062,1.1800,0.2400,0.8200,0.04500,models=1
full_mechanism_contract_mpc,combined_gap,4,10,1,0.03566,0.47625,10.33353,0,0,0,1,1,1.06531,2.97619,2.97619,1.46980,0.49143,0.29680,0.09230,1.1800,0.2400,0.8200,0.04500,models=1
full_mechanism_contract_mpc,combined_gap,4,11,1,0.03682,0.56626,10.71405,0,0,0,1,1,1.43757,5.20833,5.20833,0.84832,0.77284,0.16884,0.18954,1.1800,0.2400,0.8200,0.04500,models=1
no_contact_onset_contract,combined_gap,0,0,1,0.06504,0.60157,10.70278,0,0,0,1,1,0.56330,1.54882,0.00000,1.54882,0.85553,0.06820,0.34393,1.1800,0.2400,0.8200,0.04500,models=1
no_contact_onset_contract,combined_gap,0,1,1,0.04571,0.56865,12.28081,0,0,0,1,1,3.20324,11.42737,0.00000,3.51734,11.42737,0.23912,0.83235,1.1800,0.2400,0.8200,0.04500,models=1
no_contact_onset_contract,combined_gap,0,2,1,0.07427,0.38579,7.63445,0,0,0,1,1,0.63953,2.97412,0.00000,2.97412,0.04853,0.06966,0.10536,1.1800,0.2400,0.8200,0.04500,models=1
no_contact_onset_contract,combined_gap,0,3,1,0.03256,0.54804,12.61566,0,0,0,1,1,0.66382,1.89240,0.00000,1.89240,1.00401,0.01044,0.41223,1.1800,0.2400,0.8200,0.04500,models=1
no_contact_onset_contract,combined_gap,0,4,0,0.09954,0.47350,5.73804,0,0,0,0,1,0.46832,1.24112,0.00000,1.24112,0.72577,0.09136,0.28337,1.1800,0.2400,0.8200,0.04500,models=1
no_contact_onset_contract,combined_gap,0,5,1,0.05986,0.59884,9.40971,0,1,0,0,0,0.22814,0.71986,0.00000,0.05691,0.71986,0.33961,0.02435,1.1800,0.2400,0.8200,0.04500,models=1
no_contact_onset_contract,combined_gap,0,6,1,0.03161,0.48664,6.34489,0,1,0,0,0,0.35550,0.87767,0.00000,0.87767,0.54014,0.29739,0.06228,1.1800,0.2400,0.8200,0.04500,models=1
no_contact_onset_contract,combined_gap,0,7,1,0.03310,0.78499,52.60684,0,0,0,1,1,1.34774,3.41431,0.00000,1.85000,3.41431,0.94430,0.53008,1.1800,0.2400,0.8200,0.04500,models=1
no_contact_onset_contract,combined_gap,0,8,0,0.10342,0.49179,9.84207,0,0,0,0,1,0.58978,1.62515,0.00000,1.62515,0.89986,0.06408,0.35980,1.1800,0.2400,0.8200,0.04500,models=1
no_contact_onset_contract,combined_gap,0,9,1,0.04732,0.60369,7.04103,0,0,0,1,1,0.56641,1.77437,0.00000,1.77437,0.57912,0.38162,0.09692,1.1800,0.2400,0.8200,0.04500,models=1
no_contact_onset_contract,combined_gap,0,10,1,0.03419,0.54029,7.35231,0,0,0,1,1,0.71195,2.11059,0.00000,2.11059,0.93530,0.04664,0.46722,1.1800,0.2400,0.8200,0.04500,models=1
no_contact_onset_contract,combined_gap,0,11,0,0.08040,0.56314,12.86532,0,0,0,0,1,1.29743,3.11714,0.00000,3.11714,2.50614,0.19749,0.66637,1.1800,0.2400,0.8200,0.04500,models=1
no_contact_onset_contract,combined_gap,1,0,0,0.14472,0.46432,8.61143,0,0,0,0,1,0.89714,2.63028,0.00000,2.63028,1.18087,0.04711,0.62745,1.1800,0.2400,0.8200,0.04500,models=1
no_contact_onset_contract,combined_gap,1,1,1,0.04527,0.52565,6.61828,0,1,0,0,0,0.36218,0.94754,0.00000,0.94754,0.46369,0.29429,0.10540,1.1800,0.2400,0.8200,0.04500,models=1
no_contact_onset_contract,combined_gap,1,2,1,0.03335,0.49183,8.88475,0,1,0,0,0,0.38827,0.84332,0.00000,0.84332,0.61399,0.38011,0.10393,1.1800,0.2400,0.8200,0.04500,models=1
no_contact_onset_contract,combined_gap,1,3,1,0.05411,0.58601,10.39677,0,0,0,1,1,0.42081,1.21331,0.00000,1.21331,0.53043,0.29877,0.06153,1.1800,0.2400,0.8200,0.04500,models=1
no_contact_onset_contract,combined_gap,1,4,1,0.02124,0.67189,14.11569,0,1,0,0,0,0.24719,0.80239,0.00000,0.15003,0.80239,0.26493,0.01858,1.1800,0.2400,0.8200,0.04500,models=1
no_contact_onset_contract,combined_gap,1,5,1,0.06930,0.53014,9.26892,0,1,0,0,0,0.21909,0.71485,0.00000,0.14416,0.71485,0.22408,0.01236,1.1800,0.2400,0.8200,0.04500,models=1
no_contact_onset_contract,combined_gap,1,6,0,0.13955,0.56983,6.86187,0,1,1,0,0,0.23822,0.55161,0.00000,0.42107,0.55161,0.11920,0.09922,1.1800,0.2400,0.8200,0.04500,models=1
no_contact_onset_contract,combined_gap,1,7,1,0.04836,0.55465,9.61961,0,0,0,1,1,0.89015,2.70247,0.00000,2.70247,0.97829,0.14369,0.62631,1.1800,0.2400,0.8200,0.04500,models=1
no_contact_onset_contract,combined_gap,1,8,1,0.02920,0.56677,10.02971,0,0,0,1,1,1.18384,3.00488,0.00000,3.00488,2.13533,0.13203,0.64697,1.1800,0.2400,0.8200,0.04500,models=1
no_contact_onset_contract,combined_gap,1,9,1,0.04228,0.61941,9.29786,0,1,0,0,0,0.35077,0.78332,0.00000,0.65901,0.78332,0.17687,0.13465,1.1800,0.2400,0.8200,0.04500,models=1
no_contact_onset_contract,combined_gap,1,10,1,0.04925,0.59514,9.96597,0,1,0,0,0,0.23223,0.82013,0.00000,0.05693,0.82013,0.27373,0.01039,1.1800,0.2400,0.8200,0.04500,models=1
no_contact_onset_contract,combined_gap,1,11,0,0.09855,0.59126,8.08033,0,1,1,0,0,0.26583,0.64865,0.00000,0.41022,0.64865,0.18573,0.08456,1.1800,0.2400,0.8200,0.04500,models=1
no_contact_onset_contract,combined_gap,2,0,1,0.03199,0.57934,10.14904,0,0,0,1,1,0.64851,1.85675,0.00000,1.85675,0.97954,0.00882,0.39741,1.1800,0.2400,0.8200,0.04500,models=1
no_contact_onset_contract,combined_gap,2,1,1,0.06384,0.54724,9.95572,0,0,0,1,1,0.48414,1.21975,0.00000,1.21975,0.84359,0.09428,0.26306,1.1800,0.2400,0.8200,0.04500,models=1
no_contact_onset_contract,combined_gap,2,2,1,0.03082,0.71856,13.22333,0,0,0,1,1,1.29199,3.21157,0.00000,2.15643,3.21157,0.54649,0.54547,1.1800,0.2400,0.8200,0.04500,models=1
no_contact_onset_contract,combined_gap,2,3,1,0.02823,0.49346,8.90359,0,0,0,1,1,0.90181,2.71061,0.00000,2.71061,1.03499,0.15126,0.61221,1.1800,0.2400,0.8200,0.04500,models=1
no_contact_onset_contract,combined_gap,2,4,0,0.10553,0.55134,12.30228,0,0,0,0,1,0.72266,2.11594,0.00000,2.11594,0.99173,0.01455,0.49108,1.1800,0.2400,0.8200,0.04500,models=1
no_contact_onset_contract,combined_gap,2,5,1,0.02250,0.50944,11.95083,0,0,0,1,1,0.88659,2.74053,0.00000,2.74053,0.89932,0.15063,0.64246,1.1800,0.2400,0.8200,0.04500,models=1
no_contact_onset_contract,combined_gap,2,6,0,0.18761,0.75895,51.98157,0,0,0,0,1,1.22676,2.76665,0.00000,1.99220,2.76665,0.76100,0.61395,1.1800,0.2400,0.8200,0.04500,models=1
no_contact_onset_contract,combined_gap,2,7,0,0.08537,0.51386,8.65789,0,1,1,0,0,0.40999,0.97815,0.00000,0.97815,0.74230,0.11391,0.21558,1.1800,0.2400,0.8200,0.04500,models=1
no_contact_onset_contract,combined_gap,2,8,0,0.08957,0.49844,6.38107,0,1,1,0,0,0.18142,0.54488,0.00000,0.06398,0.54488,0.28705,0.01120,1.1800,0.2400,0.8200,0.04500,models=1
no_contact_onset_contract,combined_gap,2,9,0,0.16720,0.52540,9.09066,0,1,1,0,0,0.24813,0.51516,0.00000,0.39472,0.51516,0.22477,0.10597,1.1800,0.2400,0.8200,0.04500,models=1
no_contact_onset_contract,combined_gap,2,10,1,0.04420,0.52279,8.46513,0,1,0,0,0,0.39563,0.91075,0.00000,0.91075,0.61418,0.34900,0.10422,1.1800,0.2400,0.8200,0.04500,models=1
no_contact_onset_contract,combined_gap,2,11,0,0.21968,0.74265,59.72276,0,0,0,0,1,0.96223,2.29558,0.00000,0.70542,2.29558,1.53825,0.27189,1.1800,0.2400,0.8200,0.04500,models=1
no_contact_onset_contract,combined_gap,3,0,0,0.12322,0.48401,10.20693,0,1,1,0,0,0.26400,0.67462,0.00000,0.39419,0.67462,0.17572,0.07547,1.1800,0.2400,0.8200,0.04500,models=1
no_contact_onset_contract,combined_gap,3,1,1,0.07327,0.54710,7.53204,0,0,0,1,1,1.93817,5.33418,0.00000,3.39687,5.33418,0.24942,0.71039,1.1800,0.2400,0.8200,0.04500,models=1
no_contact_onset_contract,combined_gap,3,2,1,0.05535,0.48659,7.21209,0,0,0,1,1,5.47765,22.83296,0.00000,3.57145,22.83296,0.21646,0.76738,1.1800,0.2400,0.8200,0.04500,models=1
no_contact_onset_contract,combined_gap,3,3,1,0.03702,0.50390,7.28277,0,0,0,1,1,6.31934,26.82012,0.00000,3.69528,26.82012,0.25316,0.82814,1.1800,0.2400,0.8200,0.04500,models=1
no_contact_onset_contract,combined_gap,3,4,1,0.03051,0.56626,10.38593,0,0,0,1,1,0.53206,1.44082,0.00000,1.44082,0.81862,0.07269,0.32819,1.1800,0.2400,0.8200,0.04500,models=1
no_contact_onset_contract,combined_gap,3,5,1,0.03150,0.52214,7.24400,0,0,0,1,1,0.64716,1.91238,0.00000,1.91238,0.90297,0.00942,0.41100,1.1800,0.2400,0.8200,0.04500,models=1
no_contact_onset_contract,combined_gap,3,6,0,0.17975,0.52922,8.57053,0,1,1,0,0,0.16769,0.49718,0.00000,0.08056,0.49718,0.22978,0.03094,1.1800,0.2400,0.8200,0.04500,models=1
no_contact_onset_contract,combined_gap,3,7,1,0.03410,0.59369,9.75534,0,0,0,1,1,0.50131,1.38019,0.00000,1.38019,0.75736,0.06093,0.30806,1.1800,0.2400,0.8200,0.04500,models=1
no_contact_onset_contract,combined_gap,3,8,0,0.10934,0.56166,9.95221,0,1,1,0,1,0.39189,1.06425,0.00000,1.06425,0.63169,0.03028,0.23322,1.1800,0.2400,0.8200,0.04500,models=1
no_contact_onset_contract,combined_gap,3,9,0,0.10674,0.49498,7.16833,0,1,1,0,0,0.36223,0.82311,0.00000,0.63798,0.82311,0.21517,0.13491,1.1800,0.2400,0.8200,0.04500,models=1
no_contact_onset_contract,combined_gap,3,10,0,0.08162,0.40931,6.63988,0,0,0,0,1,0.61362,2.50431,0.00000,2.50431,0.26503,0.20781,0.09095,1.1800,0.2400,0.8200,0.04500,models=1
no_contact_onset_contract,combined_gap,3,11,0,0.12989,0.50738,11.27403,0,0,0,0,1,0.37846,1.21408,0.00000,1.21408,0.37411,0.20498,0.09913,1.1800,0.2400,0.8200,0.04500,models=1
no_contact_onset_contract,combined_gap,4,0,0,0.08470,0.55670,7.63070,0,0,0,0,1,0.67916,1.92565,0.00000,1.92565,1.01058,0.03626,0.42333,1.1800,0.2400,0.8200,0.04500,models=1
no_contact_onset_contract,combined_gap,4,1,1,0.03565,0.52768,7.75727,0,1,0,0,0,0.27530,0.51717,0.00000,0.51214,0.51717,0.27703,0.07015,1.1800,0.2400,0.8200,0.04500,models=1
no_contact_onset_contract,combined_gap,4,2,0,0.18434,0.44688,6.09688,0,1,1,0,0,0.36816,0.81195,0.00000,0.65468,0.81195,0.22609,0.14809,1.1800,0.2400,0.8200,0.04500,models=1
no_contact_onset_contract,combined_gap,4,3,0,0.13643,0.42568,6.49267,0,1,1,0,0,0.16742,0.35290,0.00000,0.30798,0.35290,0.11306,0.06317,1.1800,0.2400,0.8200,0.04500,models=1
no_contact_onset_contract,combined_gap,4,4,0,0.11756,0.45136,6.61537,0,1,1,0,0,0.17179,0.41877,0.00000,0.21417,0.41877,0.15638,0.06965,1.1800,0.2400,0.8200,0.04500,models=1
no_contact_onset_contract,combined_gap,4,5,1,0.05454,0.51466,64.03082,0,1,0,0,0,0.36847,0.63194,0.00000,0.48836,0.62592,0.63194,0.09614,1.1800,0.2400,0.8200,0.04500,models=1
no_contact_onset_contract,combined_gap,4,6,0,0.14916,0.36145,4.79704,0,0,0,0,1,0.50978,1.28882,0.00000,1.28882,0.83209,0.13098,0.29701,1.1800,0.2400,0.8200,0.04500,models=1
no_contact_onset_contract,combined_gap,4,7,1,0.06579,0.53243,10.45813,0,0,0,1,1,1.18940,3.33903,0.00000,3.33903,1.62792,0.22081,0.75922,1.1800,0.2400,0.8200,0.04500,models=1
no_contact_onset_contract,combined_gap,4,8,0,0.25521,0.39021,6.89329,0,1,1,0,0,0.10184,0.26557,0.00000,0.13479,0.26557,0.06078,0.04804,1.1800,0.2400,0.8200,0.04500,models=1
no_contact_onset_contract,combined_gap,4,9,1,0.02005,0.49337,6.93130,0,0,0,1,1,0.78768,2.39515,0.00000,2.39515,0.92819,0.07382,0.54127,1.1800,0.2400,0.8200,0.04500,models=1
no_contact_onset_contract,combined_gap,4,10,0,0.09196,0.55126,8.76875,0,0,0,0,1,5.65149,23.66157,0.00000,3.58496,23.66157,0.23495,0.77594,1.1800,0.2400,0.8200,0.04500,models=1
no_contact_onset_contract,combined_gap,4,11,0,0.08771,0.50996,8.96992,0,1,1,0,0,0.16739,0.54547,0.00000,0.01971,0.54547,0.26788,0.00389,1.1800,0.2400,0.8200,0.04500,models=1
no_slip_contract,combined_gap,0,0,1,0.07499,0.57436,11.90922,0,0,0,1,1,2.93217,13.39286,13.39286,0.00000,0.90052,0.04212,0.32535,1.1800,0.2400,0.8200,0.04500,models=1
no_slip_contract,combined_gap,0,1,0,0.11061,0.49951,11.52855,0,0,0,0,1,3.87038,17.85714,17.85714,0.00000,0.99913,0.00092,0.49470,1.1800,0.2400,0.8200,0.04500,models=1
no_slip_contract,combined_gap,0,2,1,0.04953,0.53444,9.22341,0,1,0,0,0,0.29515,0.74405,0.74405,0.00000,0.40028,0.22731,0.10414,1.1800,0.2400,0.8200,0.04500,models=1
no_slip_contract,combined_gap,0,3,1,0.05471,0.56658,9.97773,0,0,0,1,1,3.88607,17.85714,17.85714,0.00000,1.09284,0.01935,0.46101,1.1800,0.2400,0.8200,0.04500,models=1
no_slip_contract,combined_gap,0,4,1,0.04893,0.47430,7.29230,0,0,0,1,1,0.77431,2.97619,2.97619,0.00000,0.49091,0.31714,0.08730,1.1800,0.2400,0.8200,0.04500,models=1
no_slip_contract,combined_gap,0,5,1,0.05790,0.45445,7.75649,0,0,0,1,1,0.61579,2.23214,2.23214,0.00000,0.46927,0.28159,0.09596,1.1800,0.2400,0.8200,0.04500,models=1
no_slip_contract,combined_gap,0,6,1,0.06177,0.47925,6.61889,0,0,0,1,1,3.55744,16.36905,16.36905,0.00000,0.92048,0.02509,0.47257,1.1800,0.2400,0.8200,0.04500,models=1
no_slip_contract,combined_gap,0,7,0,0.18223,0.54964,13.30920,0,0,0,0,1,0.43739,1.48810,1.48810,0.00000,0.46422,0.18356,0.05108,1.1800,0.2400,0.8200,0.04500,models=1
no_slip_contract,combined_gap,0,8,0,0.09298,0.52884,7.37154,0,0,0,0,1,2.02658,8.92857,8.92857,0.00000,0.79240,0.13097,0.28097,1.1800,0.2400,0.8200,0.04500,models=1
no_slip_contract,combined_gap,0,9,0,0.09930,0.53769,10.02035,0,0,0,0,1,0.60129,2.23214,2.23214,0.00000,0.46970,0.22749,0.07712,1.1800,0.2400,0.8200,0.04500,models=1
no_slip_contract,combined_gap,0,10,0,0.08731,0.48161,9.42352,0,0,0,0,1,1.87966,8.18452,8.18452,0.00000,0.77636,0.06162,0.37580,1.1800,0.2400,0.8200,0.04500,models=1
no_slip_contract,combined_gap,0,11,1,0.06451,0.58349,11.91490,0,0,0,1,1,0.75240,2.97619,2.97619,0.00000,0.42481,0.25549,0.10550,1.1800,0.2400,0.8200,0.04500,models=1
no_slip_contract,combined_gap,1,0,1,0.03331,0.51852,7.14951,0,0,0,1,1,3.23887,14.88095,14.88095,0.00000,0.89572,0.02274,0.39494,1.1800,0.2400,0.8200,0.04500,models=1
no_slip_contract,combined_gap,1,1,1,0.03338,0.49728,13.13226,0,1,0,0,0,0.28170,0.74405,0.74405,0.00000,0.37612,0.20760,0.08071,1.1800,0.2400,0.8200,0.04500,models=1
no_slip_contract,combined_gap,1,2,1,0.05308,0.38949,5.63483,0,0,0,1,1,0.69437,2.97619,2.97619,0.00000,0.25227,0.18816,0.05524,1.1800,0.2400,0.8200,0.04500,models=1
no_slip_contract,combined_gap,1,3,1,0.02265,0.50405,9.26743,0,0,0,1,1,4.46780,20.83333,20.83333,0.00000,0.91503,0.04482,0.54584,1.1800,0.2400,0.8200,0.04500,models=1
no_slip_contract,combined_gap,1,4,0,0.08040,0.54889,12.45409,0,0,0,0,1,3.69338,17.11310,17.11310,0.00000,0.80239,0.08044,0.47100,1.1800,0.2400,0.8200,0.04500,models=1
no_slip_contract,combined_gap,1,5,1,0.06040,0.35162,6.98190,0,0,0,1,1,0.69425,2.97619,2.97619,0.00000,0.18843,0.20228,0.10437,1.1800,0.2400,0.8200,0.04500,models=1
no_slip_contract,combined_gap,1,6,0,0.24797,0.35575,4.65836,0,0,0,0,1,0.85101,3.72024,3.72024,0.00000,0.25008,0.04543,0.23929,1.1800,0.2400,0.8200,0.04500,models=1
no_slip_contract,combined_gap,1,7,0,0.09376,0.59068,7.41953,0,0,0,0,1,0.52955,1.48810,1.48810,0.00000,0.84742,0.28339,0.02883,1.1800,0.2400,0.8200,0.04500,models=1
no_slip_contract,combined_gap,1,8,0,0.22962,0.62281,65.89537,0,0,0,0,1,1.67928,4.11409,2.97619,0.00000,4.11409,0.73747,0.56864,1.1800,0.2400,0.8200,0.04500,models=1
no_slip_contract,combined_gap,1,9,1,0.03314,0.48767,9.43451,0,0,0,1,1,2.32329,10.41667,10.41667,0.00000,0.81436,0.06942,0.31599,1.1800,0.2400,0.8200,0.04500,models=1
no_slip_contract,combined_gap,1,10,0,0.13883,0.51989,9.48923,0,0,0,0,1,0.67482,2.23214,2.23214,0.00000,0.77017,0.21304,0.15875,1.1800,0.2400,0.8200,0.04500,models=1
no_slip_contract,combined_gap,1,11,1,0.03688,0.55296,6.95439,0,0,0,1,1,1.42341,5.95238,5.95238,0.00000,0.85107,0.17031,0.14329,1.1800,0.2400,0.8200,0.04500,models=1
no_slip_contract,combined_gap,2,0,0,0.22059,0.36962,8.01202,0,0,0,0,1,0.70850,2.97619,2.97619,0.00000,0.41799,0.09611,0.05221,1.1800,0.2400,0.8200,0.04500,models=1
no_slip_contract,combined_gap,2,1,0,0.11279,0.54205,12.39304,0,0,0,0,1,1.55222,6.69643,6.69643,0.00000,0.71699,0.10426,0.24341,1.1800,0.2400,0.8200,0.04500,models=1
no_slip_contract,combined_gap,2,2,1,0.04993,0.49306,9.41595,0,0,0,1,1,0.57401,2.23214,2.23214,0.00000,0.36784,0.18957,0.08049,1.1800,0.2400,0.8200,0.04500,models=1
no_slip_contract,combined_gap,2,3,0,0.25398,0.56432,16.95574,0,0,0,0,1,0.89163,2.23214,2.23214,0.00000,1.34701,0.55289,0.32611,1.1800,0.2400,0.8200,0.04500,models=1
no_slip_contract,combined_gap,2,4,1,0.03694,0.59433,10.51871,0,0,0,1,1,4.16792,19.34524,19.34524,0.00000,0.93890,0.05484,0.50063,1.1800,0.2400,0.8200,0.04500,models=1
no_slip_contract,combined_gap,2,5,1,0.02681,0.55022,7.48355,0,0,0,1,1,5.53747,24.55357,24.55357,0.00000,2.28849,0.18427,0.66102,1.1800,0.2400,0.8200,0.04500,models=1
no_slip_contract,combined_gap,2,6,1,0.02606,0.51746,9.80592,0,0,0,1,1,3.99915,18.60119,18.60119,0.00000,0.91357,0.00087,0.48010,1.1800,0.2400,0.8200,0.04500,models=1
no_slip_contract,combined_gap,2,7,1,0.03966,0.53866,7.47943,0,0,0,1,1,0.64557,2.23214,2.23214,0.00000,0.65057,0.30113,0.04400,1.1800,0.2400,0.8200,0.04500,models=1
no_slip_contract,combined_gap,2,8,1,0.05514,0.53694,7.43696,0,0,0,1,1,6.80390,27.52976,27.52976,0.00000,5.59356,0.18375,0.71244,1.1800,0.2400,0.8200,0.04500,models=1
no_slip_contract,combined_gap,2,9,0,0.12279,0.45526,10.05693,0,0,0,0,1,2.04425,8.92857,8.92857,0.00000,0.83521,0.12281,0.33467,1.1800,0.2400,0.8200,0.04500,models=1
no_slip_contract,combined_gap,2,10,1,0.02848,0.54795,9.48566,0,0,0,1,1,2.45888,11.16071,11.16071,0.00000,0.76758,0.04246,0.32363,1.1800,0.2400,0.8200,0.04500,models=1
no_slip_contract,combined_gap,2,11,0,0.09715,0.53880,11.98014,0,0,0,0,1,1.61302,6.69643,6.69643,0.00000,0.94192,0.22152,0.20522,1.1800,0.2400,0.8200,0.04500,models=1
no_slip_contract,combined_gap,3,0,1,0.05308,0.51838,6.52994,0,0,0,1,1,0.77335,2.97619,2.97619,0.00000,0.51591,0.28560,0.08903,1.1800,0.2400,0.8200,0.04500,models=1
no_slip_contract,combined_gap,3,1,0,0.18949,0.46744,6.41379,0,0,0,0,1,0.60552,2.23214,2.23214,0.00000,0.55599,0.18543,0.05401,1.1800,0.2400,0.8200,0.04500,models=1
no_slip_contract,combined_gap,3,2,1,0.06979,0.64511,9.18637,0,1,0,0,0,0.20993,0.76379,0.00000,0.00000,0.76379,0.21498,0.07087,1.1800,0.2400,0.8200,0.04500,models=1
no_slip_contract,combined_gap,3,3,0,0.15789,0.52525,14.02232,0,0,0,0,1,2.48147,11.16071,11.16071,0.00000,0.83882,0.07322,0.33460,1.1800,0.2400,0.8200,0.04500,models=1
no_slip_contract,combined_gap,3,4,1,0.04255,0.55598,10.03278,0,0,0,1,1,2.79698,12.64881,12.64881,0.00000,0.90319,0.09798,0.33491,1.1800,0.2400,0.8200,0.04500,models=1
no_slip_contract,combined_gap,3,5,0,0.07824,0.34391,6.34226,0,0,0,0,1,0.47797,2.23214,2.23214,0.00000,0.05657,0.06615,0.03499,1.1800,0.2400,0.8200,0.04500,models=1
no_slip_contract,combined_gap,3,6,0,0.07596,0.50838,8.02792,0,0,0,0,1,2.76272,12.64881,12.64881,0.00000,0.68703,0.04788,0.42989,1.1800,0.2400,0.8200,0.04500,models=1
no_slip_contract,combined_gap,3,7,0,0.11870,0.54852,7.34160,0,0,0,0,1,0.66037,2.23214,2.23214,0.00000,0.73859,0.27935,0.05176,1.1800,0.2400,0.8200,0.04500,models=1
no_slip_contract,combined_gap,3,8,0,0.14910,0.47085,6.11312,0,0,0,0,1,0.41754,1.48810,1.48810,0.00000,0.33889,0.15534,0.10539,1.1800,0.2400,0.8200,0.04500,models=1
no_slip_contract,combined_gap,3,9,1,0.02976,0.52850,7.27305,0,0,0,1,1,2.20040,9.67262,9.67262,0.00000,0.93230,0.15459,0.24250,1.1800,0.2400,0.8200,0.04500,models=1
no_slip_contract,combined_gap,3,10,1,0.05950,0.59622,13.63627,0,0,0,1,1,0.58669,2.23214,2.23214,0.00000,0.46142,0.23990,0.00000,1.1800,0.2400,0.8200,0.04500,models=1
no_slip_contract,combined_gap,3,11,1,0.05521,0.38560,8.85311,0,1,0,0,0,0.26865,0.74405,0.74405,0.00000,0.29928,0.21676,0.08317,1.1800,0.2400,0.8200,0.04500,models=1
no_slip_contract,combined_gap,4,0,1,0.02022,0.54424,10.26738,0,0,0,1,1,4.01715,18.60119,18.60119,0.00000,0.97369,0.00209,0.50876,1.1800,0.2400,0.8200,0.04500,models=1
no_slip_contract,combined_gap,4,1,0,0.08539,0.65689,13.51981,0,1,1,0,0,0.23961,0.87500,0.00000,0.00000,0.87500,0.30091,0.02215,1.1800,0.2400,0.8200,0.04500,models=1
no_slip_contract,combined_gap,4,2,1,0.03644,0.57516,13.13338,0,0,0,1,1,1.87275,8.18452,8.18452,0.00000,0.83241,0.11627,0.23057,1.1800,0.2400,0.8200,0.04500,models=1
no_slip_contract,combined_gap,4,3,1,0.04645,0.58034,9.53567,0,0,0,1,1,0.75042,2.97619,2.97619,0.00000,0.46670,0.27177,0.03743,1.1800,0.2400,0.8200,0.04500,models=1
no_slip_contract,combined_gap,4,4,1,0.02973,0.50538,8.31166,0,0,0,1,1,3.91036,17.85714,17.85714,0.00000,1.16802,0.03655,0.49007,1.1800,0.2400,0.8200,0.04500,models=1
no_slip_contract,combined_gap,4,5,1,0.05281,0.59941,11.62414,0,0,0,1,1,1.89281,8.18452,8.18452,0.00000,0.90156,0.13819,0.23978,1.1800,0.2400,0.8200,0.04500,models=1
no_slip_contract,combined_gap,4,6,1,0.06293,0.56615,10.02569,0,0,0,1,1,4.47315,20.83333,20.83333,0.00000,0.88323,0.11073,0.53846,1.1800,0.2400,0.8200,0.04500,models=1
no_slip_contract,combined_gap,4,7,1,0.03502,0.57199,9.31408,0,0,0,1,1,4.01679,18.60119,18.60119,0.00000,0.92256,0.05911,0.50109,1.1800,0.2400,0.8200,0.04500,models=1
no_slip_contract,combined_gap,4,8,1,0.04323,0.54226,10.07025,0,0,0,1,1,5.19715,23.80952,23.80952,0.00000,1.39607,0.14948,0.63068,1.1800,0.2400,0.8200,0.04500,models=1
no_slip_contract,combined_gap,4,9,0,0.17503,0.52232,10.75352,0,0,0,0,1,0.54682,1.48810,1.48810,0.00000,0.82652,0.14226,0.27723,1.1800,0.2400,0.8200,0.04500,models=1
no_slip_contract,combined_gap,4,10,1,0.05720,0.56236,7.35868,0,0,0,1,1,0.64139,2.23214,2.23214,0.00000,0.63846,0.31530,0.02105,1.1800,0.2400,0.8200,0.04500,models=1
no_slip_contract,combined_gap,4,11,0,0.13730,0.54988,8.59080,0,0,0,0,1,1.42109,5.95238,5.95238,0.00000,0.78094,0.13200,0.24014,1.1800,0.2400,0.8200,0.04500,models=1
no_force_slope_contract,combined_gap,0,0,1,0.06064,0.61544,14.81428,0,0,0,1,1,0.63597,1.51341,0.74405,1.51341,0.00000,0.45837,0.46403,1.1800,0.2400,0.8200,0.04500,models=1
no_force_slope_contract,combined_gap,0,1,1,0.05280,0.60257,7.29371,0,0,0,1,1,0.54320,2.23214,2.23214,0.11386,0.00000,0.33272,0.03727,1.1800,0.2400,0.8200,0.04500,models=1
no_force_slope_contract,combined_gap,0,2,1,0.03255,0.51837,7.15978,0,0,0,1,1,2.73416,11.90476,11.90476,1.34820,0.00000,0.12119,0.29666,1.1800,0.2400,0.8200,0.04500,models=1
no_force_slope_contract,combined_gap,0,3,0,0.07720,0.55324,8.33514,0,0,0,0,1,0.51778,1.48810,1.48810,0.73492,0.00000,0.29344,0.07245,1.1800,0.2400,0.8200,0.04500,models=1
no_force_slope_contract,combined_gap,0,4,0,0.18048,0.51850,8.65667,0,0,0,0,1,1.26038,5.20833,5.20833,0.74518,0.00000,0.18580,0.16258,1.1800,0.2400,0.8200,0.04500,models=1
no_force_slope_contract,combined_gap,0,5,1,0.04650,0.60091,11.05931,0,0,0,1,1,0.71341,2.97619,2.97619,0.14378,0.00000,0.39689,0.05019,1.1800,0.2400,0.8200,0.04500,models=1
no_force_slope_contract,combined_gap,0,6,0,0.16734,0.47225,6.25947,0,0,0,0,1,0.46229,1.48810,1.48810,0.62100,0.00000,0.12177,0.08057,1.1800,0.2400,0.8200,0.04500,models=1
no_force_slope_contract,combined_gap,0,7,0,0.08574,0.54727,13.33997,0,0,0,0,1,0.28914,1.28015,0.00000,1.28015,0.00000,0.16496,0.00057,1.1800,0.2400,0.8200,0.04500,models=1
no_force_slope_contract,combined_gap,0,8,0,0.15947,0.46615,6.20551,0,0,0,0,1,0.68279,2.23214,2.23214,0.84227,0.00000,0.15641,0.18312,1.1800,0.2400,0.8200,0.04500,models=1
no_force_slope_contract,combined_gap,0,9,0,0.11425,0.54623,11.69747,0,0,0,0,1,0.70722,2.97619,2.97619,0.29827,0.00000,0.19933,0.06233,1.1800,0.2400,0.8200,0.04500,models=1
no_force_slope_contract,combined_gap,0,10,0,0.23860,0.68293,68.99982,0,0,0,0,1,0.99968,2.23214,2.23214,1.52290,0.00000,0.77685,0.46650,1.1800,0.2400,0.8200,0.04500,models=1
no_force_slope_contract,combined_gap,0,11,1,0.06077,0.57280,8.33356,0,0,0,1,1,3.50725,14.88095,14.88095,2.15025,0.00000,0.00151,0.50352,1.1800,0.2400,0.8200,0.04500,models=1
no_force_slope_contract,combined_gap,1,0,1,0.03727,0.57080,9.12279,0,0,0,1,1,0.73558,2.23214,2.23214,1.05797,0.00000,0.30527,0.08249,1.1800,0.2400,0.8200,0.04500,models=1
no_force_slope_contract,combined_gap,1,1,0,0.11119,0.43463,4.97832,0,0,0,0,1,0.62855,2.23214,2.23214,0.62249,0.00000,0.19549,0.09263,1.1800,0.2400,0.8200,0.04500,models=1
no_force_slope_contract,combined_gap,1,2,0,0.09030,0.55316,7.81924,0,0,0,0,1,1.85170,7.44048,7.44048,1.36870,0.00000,0.13700,0.31230,1.1800,0.2400,0.8200,0.04500,models=1
no_force_slope_contract,combined_gap,1,3,1,0.03920,0.53235,12.43518,0,0,0,1,1,5.88621,25.29762,25.29762,3.26940,0.00000,0.17120,0.69281,1.1800,0.2400,0.8200,0.04500,models=1
no_force_slope_contract,combined_gap,1,4,1,0.05192,0.61553,13.78510,0,0,0,1,1,0.64464,2.23214,2.23214,0.64836,0.00000,0.30898,0.03369,1.1800,0.2400,0.8200,0.04500,models=1
no_force_slope_contract,combined_gap,1,5,1,0.02925,0.65819,8.12814,0,1,0,0,0,0.22956,0.74405,0.74405,0.15638,0.00000,0.23527,0.01210,1.1800,0.2400,0.8200,0.04500,models=1
no_force_slope_contract,combined_gap,1,6,1,0.04945,0.50349,6.70406,0,0,0,1,1,1.06159,4.46429,4.46429,0.54453,0.00000,0.19279,0.10633,1.1800,0.2400,0.8200,0.04500,models=1
no_force_slope_contract,combined_gap,1,7,1,0.05877,0.54776,9.79023,0,1,0,0,0,0.20515,0.74405,0.74405,0.01771,0.00000,0.23609,0.02792,1.1800,0.2400,0.8200,0.04500,models=1
no_force_slope_contract,combined_gap,1,8,1,0.07266,0.50272,8.71130,0,0,0,1,1,0.59541,2.23214,2.23214,0.42059,0.00000,0.24619,0.07811,1.1800,0.2400,0.8200,0.04500,models=1
no_force_slope_contract,combined_gap,1,9,0,0.07982,0.51437,11.74593,0,0,0,0,1,2.08072,8.92857,8.92857,1.09296,0.00000,0.14034,0.24173,1.1800,0.2400,0.8200,0.04500,models=1
no_force_slope_contract,combined_gap,1,10,0,0.24367,0.43530,8.63544,0,0,0,0,1,0.50186,2.23214,2.23214,0.11865,0.00000,0.14286,0.01562,1.1800,0.2400,0.8200,0.04500,models=1
no_force_slope_contract,combined_gap,1,11,0,0.21039,0.44070,6.44231,0,0,0,0,1,1.39806,5.20833,5.20833,1.35372,0.00000,0.12261,0.30564,1.1800,0.2400,0.8200,0.04500,models=1
no_force_slope_contract,combined_gap,2,0,0,0.16993,0.52106,8.92369,0,0,0,0,1,2.15355,8.92857,8.92857,1.43063,0.00000,0.08518,0.32338,1.1800,0.2400,0.8200,0.04500,models=1
no_force_slope_contract,combined_gap,2,1,0,0.14357,0.37934,5.50444,0,0,0,0,1,0.72153,2.97619,2.97619,0.31224,0.00000,0.25118,0.06801,1.1800,0.2400,0.8200,0.04500,models=1
no_force_slope_contract,combined_gap,2,2,1,0.06846,0.57652,12.19442,0,0,0,1,1,0.81833,2.23214,2.23214,1.44392,0.00000,0.32107,0.09454,1.1800,0.2400,0.8200,0.04500,models=1
no_force_slope_contract,combined_gap,2,3,0,0.09993,0.50591,7.00821,0,1,1,0,0,0.20744,0.71713,0.00000,0.71713,0.00000,0.16697,0.15312,1.1800,0.2400,0.8200,0.04500,models=1
no_force_slope_contract,combined_gap,2,4,0,0.11782,0.57923,13.09520,0,1,1,0,0,0.14165,0.42428,0.00000,0.42428,0.00000,0.19890,0.08506,1.1800,0.2400,0.8200,0.04500,models=1
no_force_slope_contract,combined_gap,2,5,1,0.06372,0.43947,7.27068,0,0,0,1,1,1.65050,5.20833,5.20833,2.78236,0.00000,0.18455,0.07725,1.1800,0.2400,0.8200,0.04500,models=1
no_force_slope_contract,combined_gap,2,6,0,0.09871,0.47588,8.12201,0,0,0,0,1,0.89268,2.97619,2.97619,1.23110,0.00000,0.14842,0.10771,1.1800,0.2400,0.8200,0.04500,models=1
no_force_slope_contract,combined_gap,2,7,1,0.04858,0.57961,7.85625,0,0,0,1,1,3.92151,17.11310,17.11310,2.00835,0.00000,0.04843,0.43768,1.1800,0.2400,0.8200,0.04500,models=1
no_force_slope_contract,combined_gap,2,8,0,0.10821,0.56401,12.15119,0,0,0,0,1,0.93757,3.72024,3.72024,0.65838,0.00000,0.17528,0.13397,1.1800,0.2400,0.8200,0.04500,models=1
no_force_slope_contract,combined_gap,2,9,0,0.20022,0.34525,6.90368,0,0,0,0,1,0.50105,2.23214,2.23214,0.15409,0.00000,0.10064,0.01838,1.1800,0.2400,0.8200,0.04500,models=1
no_force_slope_contract,combined_gap,2,10,1,0.05918,0.38480,7.83410,0,0,0,1,1,0.84333,2.38114,1.48810,2.38114,0.00000,0.24982,0.09762,1.1800,0.2400,0.8200,0.04500,models=1
no_force_slope_contract,combined_gap,2,11,1,0.03292,0.52593,9.38272,0,0,0,1,1,5.30401,23.06548,23.06548,2.70457,0.00000,0.14234,0.60765,1.1800,0.2400,0.8200,0.04500,models=1
no_force_slope_contract,combined_gap,3,0,0,0.08811,0.49271,8.33258,0,0,0,0,1,1.72374,5.95238,5.95238,2.36602,0.00000,0.21651,0.08381,1.1800,0.2400,0.8200,0.04500,models=1
no_force_slope_contract,combined_gap,3,1,1,0.02227,0.54056,10.82589,0,0,0,1,1,6.91281,29.76190,29.76190,3.64071,0.00000,0.33784,0.82358,1.1800,0.2400,0.8200,0.04500,models=1
no_force_slope_contract,combined_gap,3,2,1,0.06530,0.41795,7.34512,0,0,0,1,1,0.93641,2.97619,2.97619,1.36712,0.00000,0.23708,0.10168,1.1800,0.2400,0.8200,0.04500,models=1
no_force_slope_contract,combined_gap,3,3,0,0.11492,0.48510,6.57685,0,0,0,0,1,0.57220,2.23214,2.23214,0.31304,0.00000,0.23702,0.07879,1.1800,0.2400,0.8200,0.04500,models=1
no_force_slope_contract,combined_gap,3,4,0,0.11009,0.56871,12.45353,0,0,0,0,1,0.71281,2.97619,2.97619,0.27327,0.00000,0.23057,0.08403,1.1800,0.2400,0.8200,0.04500,models=1
no_force_slope_contract,combined_gap,3,5,0,0.14074,0.46439,8.79309,0,0,0,0,1,4.08592,17.85714,17.85714,2.09810,0.00000,0.00638,0.46797,1.1800,0.2400,0.8200,0.04500,models=1
no_force_slope_contract,combined_gap,3,6,0,0.12603,0.47797,5.69692,0,0,0,0,1,0.67169,2.97619,2.97619,0.18247,0.00000,0.17182,0.02796,1.1800,0.2400,0.8200,0.04500,models=1
no_force_slope_contract,combined_gap,3,7,0,0.18391,0.42319,4.38500,0,0,0,0,1,0.73756,2.97619,2.97619,0.37640,0.00000,0.25045,0.08476,1.1800,0.2400,0.8200,0.04500,models=1
no_force_slope_contract,combined_gap,3,8,0,0.08483,0.51386,7.79213,0,0,0,0,1,1.04463,2.97619,2.97619,1.98307,0.00000,0.18568,0.07822,1.1800,0.2400,0.8200,0.04500,models=1
no_force_slope_contract,combined_gap,3,9,1,0.06001,0.56342,12.67595,0,0,0,1,1,3.46851,14.88095,14.88095,2.01237,0.00000,0.00564,0.44361,1.1800,0.2400,0.8200,0.04500,models=1
no_force_slope_contract,combined_gap,3,10,1,0.03164,0.52036,9.51325,0,0,0,1,1,3.59644,15.62500,15.62500,1.90337,0.00000,0.02923,0.42460,1.1800,0.2400,0.8200,0.04500,models=1
no_force_slope_contract,combined_gap,3,11,0,0.17642,0.44302,5.05802,0,1,1,0,0,0.20274,0.74405,0.74405,0.17322,0.00000,0.06139,0.03507,1.1800,0.2400,0.8200,0.04500,models=1
no_force_slope_contract,combined_gap,4,0,1,0.05399,0.55541,9.63287,0,0,0,1,1,0.79697,2.23214,2.23214,1.38282,0.00000,0.31975,0.05016,1.1800,0.2400,0.8200,0.04500,models=1
no_force_slope_contract,combined_gap,4,1,1,0.03383,0.56330,9.85230,0,0,0,1,1,3.76827,16.36905,16.36905,1.98860,0.00000,0.05502,0.42869,1.1800,0.2400,0.8200,0.04500,models=1
no_force_slope_contract,combined_gap,4,2,1,0.03459,1.03813,74.96589,0,0,0,1,1,1.62459,2.97619,2.97619,2.27799,0.00000,2.77166,0.09710,1.1800,0.2400,0.8200,0.04500,models=1
no_force_slope_contract,combined_gap,4,3,0,0.11650,0.52363,8.92364,0,0,0,0,1,0.43224,1.48810,1.48810,0.38294,0.00000,0.21135,0.07882,1.1800,0.2400,0.8200,0.04500,models=1
no_force_slope_contract,combined_gap,4,4,0,0.16151,0.49329,5.42265,0,0,0,0,1,0.68296,2.97619,2.97619,0.29648,0.00000,0.08166,0.06044,1.1800,0.2400,0.8200,0.04500,models=1
no_force_slope_contract,combined_gap,4,5,0,0.11345,0.51435,10.29516,0,0,0,0,1,0.72570,2.97619,2.97619,0.34614,0.00000,0.20210,0.10407,1.1800,0.2400,0.8200,0.04500,models=1
no_force_slope_contract,combined_gap,4,6,0,0.07786,0.53992,8.71679,0,0,0,0,1,1.77351,7.44048,7.44048,1.05676,0.00000,0.13014,0.24020,1.1800,0.2400,0.8200,0.04500,models=1
no_force_slope_contract,combined_gap,4,7,1,0.03607,0.55102,8.70616,0,0,0,1,1,5.29387,23.06548,23.06548,2.64462,0.00000,0.14290,0.61634,1.1800,0.2400,0.8200,0.04500,models=1
no_force_slope_contract,combined_gap,4,8,1,0.04163,0.43800,7.79395,0,0,0,1,1,0.71697,2.23214,2.23214,1.00840,0.00000,0.27003,0.07429,1.1800,0.2400,0.8200,0.04500,models=1
no_force_slope_contract,combined_gap,4,9,0,0.09697,0.53050,16.13148,0,0,0,0,1,5.08714,22.32143,22.32143,2.45127,0.00000,0.08985,0.57313,1.1800,0.2400,0.8200,0.04500,models=1
no_force_slope_contract,combined_gap,4,10,0,0.08090,0.54303,9.30255,0,0,0,0,1,3.49104,14.88095,14.88095,2.07463,0.00000,0.03102,0.46857,1.1800,0.2400,0.8200,0.04500,models=1
no_force_slope_contract,combined_gap,4,11,0,0.08082,0.53070,10.55288,0,0,0,0,1,2.96874,12.64881,12.64881,1.76690,0.00000,0.01992,0.40809,1.1800,0.2400,0.8200,0.04500,models=1
no_energy_contract,combined_gap,0,0,0,0.10581,0.53615,11.73288,0,0,0,0,1,4.96841,20.83333,20.83333,2.50791,0.91898,0.00000,0.58184,1.1800,0.2400,0.8200,0.04500,models=1
no_energy_contract,combined_gap,0,1,1,0.05812,0.55326,9.23462,0,0,0,1,1,0.89793,2.23214,2.23214,1.69988,0.45472,0.00000,0.10292,1.1800,0.2400,0.8200,0.04500,models=1
no_energy_contract,combined_gap,0,2,1,0.03954,0.46154,7.70142,0,0,0,1,1,0.95887,2.97619,2.97619,1.24445,0.50268,0.00000,0.07102,1.1800,0.2400,0.8200,0.04500,models=1
no_energy_contract,combined_gap,0,3,0,0.08690,0.57570,11.86348,0,0,0,0,1,4.93982,20.83333,20.83333,2.44432,0.87003,0.00000,0.55140,1.1800,0.2400,0.8200,0.04500,models=1
no_energy_contract,combined_gap,0,4,1,0.02002,0.50410,11.39327,0,0,0,1,1,11.37118,29.01786,29.01786,3.68027,23.35551,0.00000,0.80226,1.1800,0.2400,0.8200,0.04500,models=1
no_energy_contract,combined_gap,0,5,0,0.14826,0.42097,6.27786,0,1,1,0,0,0.10544,0.48590,0.00000,0.02843,0.48590,0.00000,0.01286,1.1800,0.2400,0.8200,0.04500,models=1
no_energy_contract,combined_gap,0,6,1,0.06621,0.57293,7.83156,0,0,0,1,1,0.84328,2.23214,2.23214,1.54506,0.34634,0.00000,0.09288,1.1800,0.2400,0.8200,0.04500,models=1
no_energy_contract,combined_gap,0,7,1,0.03757,0.53217,9.33734,0,0,0,1,1,9.90070,27.52976,27.52976,3.47695,17.75671,0.00000,0.74010,1.1800,0.2400,0.8200,0.04500,models=1
no_energy_contract,combined_gap,0,8,0,0.13186,0.46978,8.60241,0,0,0,0,1,0.52497,1.48810,1.48810,0.32829,0.74115,0.00000,0.06732,1.1800,0.2400,0.8200,0.04500,models=1
no_energy_contract,combined_gap,0,9,0,0.33587,0.23062,0.00000,0,0,0,0,1,6.94323,33.48214,33.48214,0.77593,0.35966,0.00000,0.09844,1.1800,0.2400,0.8200,0.04500,models=1
no_energy_contract,combined_gap,0,10,1,0.03504,0.50644,12.82763,0,0,0,1,1,11.21785,28.27381,28.27381,3.47505,23.59771,0.00000,0.74268,1.1800,0.2400,0.8200,0.04500,models=1
no_energy_contract,combined_gap,0,11,1,0.03292,0.57607,11.07294,0,0,0,1,1,5.70676,23.80952,23.80952,2.82186,1.26409,0.00000,0.63833,1.1800,0.2400,0.8200,0.04500,models=1
no_energy_contract,combined_gap,1,0,1,0.04119,0.52838,10.53881,0,0,0,1,1,7.46574,27.52976,27.52976,3.40544,5.67631,0.00000,0.71719,1.1800,0.2400,0.8200,0.04500,models=1
no_energy_contract,combined_gap,1,1,0,0.08769,0.54530,9.67279,0,0,0,0,1,4.34480,17.85714,17.85714,2.18351,1.20691,0.00000,0.47645,1.1800,0.2400,0.8200,0.04500,models=1
no_energy_contract,combined_gap,1,2,0,0.11554,0.48212,5.61160,0,0,0,0,1,0.81890,2.97619,2.97619,0.58945,0.42346,0.00000,0.10539,1.1800,0.2400,0.8200,0.04500,models=1
no_energy_contract,combined_gap,1,3,1,0.06645,0.51962,9.31587,0,0,0,1,1,0.91957,2.97619,2.97619,1.03304,0.52343,0.00000,0.06520,1.1800,0.2400,0.8200,0.04500,models=1
no_energy_contract,combined_gap,1,4,1,0.07242,0.34550,5.48109,0,0,0,1,1,0.68515,2.47414,0.74405,2.47414,0.14918,0.00000,0.05836,1.1800,0.2400,0.8200,0.04500,models=1
no_energy_contract,combined_gap,1,5,1,0.05068,0.53129,6.93958,0,0,0,1,1,0.94709,2.97619,2.97619,1.18584,0.46787,0.00000,0.10554,1.1800,0.2400,0.8200,0.04500,models=1
no_energy_contract,combined_gap,1,6,1,0.03624,0.54868,11.96049,0,0,0,1,1,4.90554,20.83333,20.83333,2.35434,0.80315,0.00000,0.53688,1.1800,0.2400,0.8200,0.04500,models=1
no_energy_contract,combined_gap,1,7,0,0.09896,0.51829,7.28555,0,0,0,0,1,1.38756,5.20833,5.20833,0.85671,0.68902,0.00000,0.18374,1.1800,0.2400,0.8200,0.04500,models=1
no_energy_contract,combined_gap,1,8,1,0.05039,0.58722,9.60087,0,0,0,1,1,1.44035,5.20833,5.20833,0.90506,0.88624,0.00000,0.20211,1.1800,0.2400,0.8200,0.04500,models=1
no_energy_contract,combined_gap,1,9,1,0.04147,0.56897,11.91186,0,0,0,1,1,4.77517,20.08929,20.08929,2.38680,0.85803,0.00000,0.54173,1.1800,0.2400,0.8200,0.04500,models=1
no_energy_contract,combined_gap,1,10,0,0.08802,0.49111,6.31053,0,0,0,0,1,0.49378,1.48810,1.48810,0.40140,0.47059,0.00000,0.10880,1.1800,0.2400,0.8200,0.04500,models=1
no_energy_contract,combined_gap,1,11,0,0.15110,0.54069,12.39379,0,0,0,0,1,0.55395,2.23214,2.23214,0.04892,0.46545,0.00000,0.02322,1.1800,0.2400,0.8200,0.04500,models=1
no_energy_contract,combined_gap,2,0,1,0.06346,0.74870,15.33519,0,0,0,1,1,1.59280,3.45252,1.48810,2.31342,3.45252,0.00000,0.70997,1.1800,0.2400,0.8200,0.04500,models=1
no_energy_contract,combined_gap,2,1,0,0.07811,0.55772,7.92246,0,0,0,0,1,3.46620,14.13690,14.13690,1.72521,1.09175,0.00000,0.37711,1.1800,0.2400,0.8200,0.04500,models=1
no_energy_contract,combined_gap,2,2,1,0.01543,0.61179,8.35407,0,1,0,0,0,0.37843,0.76605,0.74405,0.31656,0.76605,0.00000,0.06551,1.1800,0.2400,0.8200,0.04500,models=1
no_energy_contract,combined_gap,2,3,0,0.13082,0.56015,9.17973,0,0,0,0,1,0.46432,1.48810,1.48810,0.09664,0.72823,0.00000,0.00863,1.1800,0.2400,0.8200,0.04500,models=1
no_energy_contract,combined_gap,2,4,0,0.14418,0.38679,4.89789,0,0,0,0,1,0.45664,1.48810,1.48810,0.37908,0.34601,0.00000,0.07003,1.1800,0.2400,0.8200,0.04500,models=1
no_energy_contract,combined_gap,2,5,1,0.04939,0.56220,7.31661,0,0,0,1,1,2.72677,11.16071,11.16071,1.36594,0.81014,0.00000,0.29706,1.1800,0.2400,0.8200,0.04500,models=1
no_energy_contract,combined_gap,2,6,1,0.05105,0.59121,13.93800,0,0,0,1,1,1.03143,3.72024,3.72024,0.55436,0.76865,0.00000,0.11389,1.1800,0.2400,0.8200,0.04500,models=1
no_energy_contract,combined_gap,2,7,1,0.03470,0.62142,10.57913,0,1,0,0,0,0.37175,0.74405,0.74405,0.34335,0.71283,0.00000,0.05852,1.1800,0.2400,0.8200,0.04500,models=1
no_energy_contract,combined_gap,2,8,1,0.02935,0.54850,8.21759,0,0,0,1,1,5.71240,23.80952,23.80952,2.96812,1.09218,0.00000,0.69219,1.1800,0.2400,0.8200,0.04500,models=1
no_energy_contract,combined_gap,2,9,0,0.08709,0.53903,9.18185,0,0,0,0,1,2.36588,9.67262,9.67262,1.12523,0.78542,0.00000,0.24613,1.1800,0.2400,0.8200,0.04500,models=1
no_energy_contract,combined_gap,2,10,0,0.12395,0.56362,12.24127,0,0,0,0,1,0.74989,2.97619,2.97619,0.10561,0.64691,0.00000,0.02073,1.1800,0.2400,0.8200,0.04500,models=1
no_energy_contract,combined_gap,2,11,1,0.03471,0.53445,7.31930,0,0,0,1,1,6.16664,25.29762,25.29762,3.08742,1.77565,0.00000,0.67253,1.1800,0.2400,0.8200,0.04500,models=1
no_energy_contract,combined_gap,3,0,1,0.02991,0.54712,10.52029,0,0,0,1,1,4.99660,20.83333,20.83333,2.52164,1.04182,0.00000,0.58622,1.1800,0.2400,0.8200,0.04500,models=1
no_energy_contract,combined_gap,3,1,1,0.02640,0.55414,11.39811,0,0,0,1,1,2.40289,9.67262,9.67262,1.28210,0.76897,0.00000,0.29076,1.1800,0.2400,0.8200,0.04500,models=1
no_energy_contract,combined_gap,3,2,1,0.03101,0.49263,8.28649,0,0,0,1,1,3.12141,12.64881,12.64881,1.62880,0.96786,0.00000,0.36158,1.1800,0.2400,0.8200,0.04500,models=1
no_energy_contract,combined_gap,3,3,1,0.07226,0.48099,6.52480,0,0,0,1,1,0.50248,1.48810,1.48810,0.27244,0.71342,0.00000,0.03846,1.1800,0.2400,0.8200,0.04500,models=1
no_energy_contract,combined_gap,3,4,0,0.08286,0.47938,8.60510,0,0,0,0,1,0.86418,2.23214,2.23214,1.65639,0.32825,0.00000,0.10409,1.1800,0.2400,0.8200,0.04500,models=1
no_energy_contract,combined_gap,3,5,1,0.04479,0.57944,8.98624,0,0,0,1,1,0.73551,2.23214,2.23214,0.54750,0.77677,0.00000,0.12112,1.1800,0.2400,0.8200,0.04500,models=1
no_energy_contract,combined_gap,3,6,0,0.08282,0.47698,9.70499,0,0,0,0,1,0.83495,2.23214,2.23214,1.42200,0.41641,0.00000,0.10419,1.1800,0.2400,0.8200,0.04500,models=1
no_energy_contract,combined_gap,3,7,0,0.10559,0.53669,6.92873,0,1,1,0,0,0.21195,0.59967,0.00000,0.38361,0.59967,0.00000,0.07649,1.1800,0.2400,0.8200,0.04500,models=1
no_energy_contract,combined_gap,3,8,0,0.08675,0.52467,11.44863,0,0,0,0,1,0.72740,2.97619,2.97619,0.09786,0.52374,0.00000,0.03923,1.1800,0.2400,0.8200,0.04500,models=1
no_energy_contract,combined_gap,3,9,1,0.03240,0.65981,60.65473,0,0,0,1,1,0.99230,2.97619,2.97619,1.10748,0.80907,0.00000,0.06875,1.1800,0.2400,0.8200,0.04500,models=1
no_energy_contract,combined_gap,3,10,0,0.08922,0.58380,9.98160,0,0,0,0,1,0.87308,2.97619,2.97619,0.81751,0.53168,0.00000,0.04002,1.1800,0.2400,0.8200,0.04500,models=1
no_energy_contract,combined_gap,3,11,1,0.05462,0.57276,7.94465,0,0,0,1,1,4.30551,17.85714,17.85714,2.23184,0.93561,0.00000,0.50294,1.1800,0.2400,0.8200,0.04500,models=1
no_energy_contract,combined_gap,4,0,1,0.02872,0.73700,10.40940,0,0,0,1,1,1.26125,2.97619,2.97619,1.25242,1.72447,0.00000,0.35318,1.1800,0.2400,0.8200,0.04500,models=1
no_energy_contract,combined_gap,4,1,0,0.18311,0.28798,8.20721,0,0,0,0,1,1.67651,7.44048,7.44048,0.59562,0.25192,0.00000,0.09452,1.1800,0.2400,0.8200,0.04500,models=1
no_energy_contract,combined_gap,4,2,0,0.25151,1.30925,81.11904,0,0,0,0,1,1.38482,3.65291,1.48810,1.33693,3.65291,0.00000,0.44614,1.1800,0.2400,0.8200,0.04500,models=1
no_energy_contract,combined_gap,4,3,1,0.02601,0.47481,9.83670,0,0,0,1,1,4.98816,20.83333,20.83333,2.41252,1.14806,0.00000,0.54690,1.1800,0.2400,0.8200,0.04500,models=1
no_energy_contract,combined_gap,4,4,0,0.08384,0.46243,10.19555,0,0,0,0,1,1.11340,2.97619,2.97619,2.36845,0.11465,0.00000,0.10770,1.1800,0.2400,0.8200,0.04500,models=1
no_energy_contract,combined_gap,4,5,0,0.11774,0.48877,7.50044,0,0,0,0,1,1.21524,4.46429,4.46429,0.78247,0.66757,0.00000,0.16189,1.1800,0.2400,0.8200,0.04500,models=1
no_energy_contract,combined_gap,4,6,1,0.04895,0.57869,11.87725,0,0,0,1,1,2.25268,8.92857,8.92857,1.21142,0.86298,0.00000,0.26045,1.1800,0.2400,0.8200,0.04500,models=1
no_energy_contract,combined_gap,4,7,0,0.21235,0.96036,70.57926,0,0,0,0,1,1.51097,3.73357,1.48810,1.79004,3.73357,0.00000,0.54313,1.1800,0.2400,0.8200,0.04500,models=1
no_energy_contract,combined_gap,4,8,0,0.12522,0.44939,6.29505,0,0,0,0,1,0.73922,2.23214,2.23214,1.03942,0.31672,0.00000,0.10780,1.1800,0.2400,0.8200,0.04500,models=1
no_energy_contract,combined_gap,4,9,1,0.05445,0.54953,8.40782,0,0,0,1,1,4.67437,19.34524,19.34524,2.31345,1.19503,0.00000,0.51812,1.1800,0.2400,0.8200,0.04500,models=1
no_energy_contract,combined_gap,4,10,0,0.11829,0.53794,12.48252,0,0,0,0,1,0.93348,2.97619,2.97619,0.84688,0.64614,0.00000,0.19820,1.1800,0.2400,0.8200,0.04500,models=1
no_energy_contract,combined_gap,4,11,1,0.02432,0.67067,11.39685,0,0,0,1,1,1.48932,2.97619,2.97619,1.66943,2.31914,0.00000,0.48182,1.1800,0.2400,0.8200,0.04500,models=1
no_actuator_lag_contract,combined_gap,0,0,1,0.05434,0.52400,8.96012,0,0,0,1,1,4.56369,19.34524,19.34524,2.42914,1.01301,0.03105,0.00000,1.1800,0.2400,0.8200,0.04500,models=1
no_actuator_lag_contract,combined_gap,0,1,1,0.04453,0.48573,8.02892,0,0,0,1,1,3.05460,12.64881,12.64881,1.56351,0.96585,0.09483,0.00000,1.1800,0.2400,0.8200,0.04500,models=1
no_actuator_lag_contract,combined_gap,0,2,0,0.09455,0.47547,10.23450,0,0,0,0,1,0.79937,2.23214,2.23214,1.16165,0.39657,0.20647,0.00000,1.1800,0.2400,0.8200,0.04500,models=1
no_actuator_lag_contract,combined_gap,0,3,0,0.10970,0.50137,6.75895,0,0,0,0,1,0.68387,1.48810,1.48810,0.94342,0.82091,0.16692,0.00000,1.1800,0.2400,0.8200,0.04500,models=1
no_actuator_lag_contract,combined_gap,0,4,1,0.04290,0.51846,6.33338,0,0,0,1,1,12.22260,30.50595,30.50595,3.50660,26.86288,0.23755,0.00000,1.1800,0.2400,0.8200,0.04500,models=1
no_actuator_lag_contract,combined_gap,0,5,1,0.02471,0.62547,10.50370,0,0,0,1,1,1.50242,2.97619,2.97619,1.71783,2.29200,0.52607,0.00000,1.1800,0.2400,0.8200,0.04500,models=1
no_actuator_lag_contract,combined_gap,0,6,0,0.12487,0.49987,8.34135,0,0,0,0,1,4.19468,17.85714,17.85714,2.15275,0.92637,0.03714,0.00000,1.1800,0.2400,0.8200,0.04500,models=1
no_actuator_lag_contract,combined_gap,0,7,0,0.09100,0.52332,8.57782,0,1,1,0,0,0.39486,0.74405,0.74405,0.22955,0.69481,0.30588,0.00000,1.1800,0.2400,0.8200,0.04500,models=1
no_actuator_lag_contract,combined_gap,0,8,0,0.08551,0.44063,7.93326,0,0,0,0,1,1.73772,5.95238,5.95238,2.34392,0.20517,0.18711,0.00000,1.1800,0.2400,0.8200,0.04500,models=1
no_actuator_lag_contract,combined_gap,0,9,0,0.08798,0.53177,9.44164,0,0,0,0,1,2.39286,9.67262,9.67262,1.27651,0.88905,0.12611,0.00000,1.1800,0.2400,0.8200,0.04500,models=1
no_actuator_lag_contract,combined_gap,0,10,0,0.09591,0.54938,9.78584,0,0,0,0,1,2.69333,11.16071,11.16071,1.31842,0.89939,0.08811,0.00000,1.1800,0.2400,0.8200,0.04500,models=1
no_actuator_lag_contract,combined_gap,0,11,1,0.03645,0.51970,8.19050,0,0,0,1,1,0.94943,2.23214,2.23214,1.78845,0.43023,0.29633,0.00000,1.1800,0.2400,0.8200,0.04500,models=1
no_actuator_lag_contract,combined_gap,1,0,0,0.14492,0.44321,7.27579,0,0,0,0,1,3.78178,15.62500,15.62500,2.13507,1.10579,0.04303,0.00000,1.1800,0.2400,0.8200,0.04500,models=1
no_actuator_lag_contract,combined_gap,1,1,0,0.07795,0.49005,6.34122,0,0,0,0,1,0.85947,2.29717,1.48810,2.29717,0.29199,0.22008,0.00000,1.1800,0.2400,0.8200,0.04500,models=1
no_actuator_lag_contract,combined_gap,1,2,1,0.02524,0.52118,10.03179,0,0,0,1,1,5.92320,24.55357,24.55357,3.14640,1.74015,0.17587,0.00000,1.1800,0.2400,0.8200,0.04500,models=1
no_actuator_lag_contract,combined_gap,1,3,1,0.06147,0.53325,9.05673,0,0,0,1,1,2.52091,10.41667,10.41667,1.38391,0.75557,0.04839,0.00000,1.1800,0.2400,0.8200,0.04500,models=1
no_actuator_lag_contract,combined_gap,1,4,0,0.11454,0.56559,8.44798,0,0,0,0,1,1.75050,6.69643,6.69643,1.09647,0.80909,0.15052,0.00000,1.1800,0.2400,0.8200,0.04500,models=1
no_actuator_lag_contract,combined_gap,1,5,1,0.02315,0.51713,7.33853,0,0,0,1,1,9.31400,27.52976,27.52976,3.60080,15.18907,0.25037,0.00000,1.1800,0.2400,0.8200,0.04500,models=1
no_actuator_lag_contract,combined_gap,1,6,1,0.03685,0.54536,7.89235,0,0,0,1,1,1.08778,2.97619,2.97619,1.72468,0.43490,0.30313,0.00000,1.1800,0.2400,0.8200,0.04500,models=1
no_actuator_lag_contract,combined_gap,1,7,0,0.13059,0.52238,8.86683,0,1,1,0,1,0.34005,1.12950,0.00000,1.12950,0.37039,0.20034,0.00000,1.1800,0.2400,0.8200,0.04500,models=1
no_actuator_lag_contract,combined_gap,1,8,1,0.05060,0.56022,7.43605,0,1,0,0,0,0.38537,0.81436,0.74405,0.07274,0.81436,0.29569,0.00000,1.1800,0.2400,0.8200,0.04500,models=1
no_actuator_lag_contract,combined_gap,1,9,0,0.26239,0.20176,0.20651,0,0,0,0,1,0.78453,2.23214,2.23214,1.09135,0.30102,0.29816,0.00000,1.1800,0.2400,0.8200,0.04500,models=1
no_actuator_lag_contract,combined_gap,1,10,1,0.05695,0.50729,9.98838,0,0,0,1,1,2.19417,8.92857,8.92857,1.22820,0.73208,0.08201,0.00000,1.1800,0.2400,0.8200,0.04500,models=1
no_actuator_lag_contract,combined_gap,1,11,1,0.03073,0.51910,6.86873,0,0,0,1,1,2.18923,8.92857,8.92857,1.11414,0.78690,0.11655,0.00000,1.1800,0.2400,0.8200,0.04500,models=1
no_actuator_lag_contract,combined_gap,2,0,0,0.09249,0.49515,9.04441,0,0,0,0,1,1.90431,7.44048,7.44048,1.01964,0.88400,0.17744,0.00000,1.1800,0.2400,0.8200,0.04500,models=1
no_actuator_lag_contract,combined_gap,2,1,0,0.14713,0.51565,7.36196,0,0,0,0,1,0.87953,2.97619,2.97619,0.58060,0.55741,0.28344,0.00000,1.1800,0.2400,0.8200,0.04500,models=1
no_actuator_lag_contract,combined_gap,2,2,0,0.14173,0.50776,8.66701,0,0,0,0,1,1.00004,2.97619,2.97619,0.91084,0.89875,0.21441,0.00000,1.1800,0.2400,0.8200,0.04500,models=1
no_actuator_lag_contract,combined_gap,2,3,0,0.27319,0.19794,3.38558,0,0,0,0,1,0.77360,2.97619,2.97619,0.36054,0.29388,0.23739,0.00000,1.1800,0.2400,0.8200,0.04500,models=1
no_actuator_lag_contract,combined_gap,2,4,0,0.07549,0.38099,7.55747,0,0,0,0,1,1.19303,2.97619,2.97619,2.78331,0.09248,0.11319,0.00000,1.1800,0.2400,0.8200,0.04500,models=1
no_actuator_lag_contract,combined_gap,2,5,0,0.14499,0.49618,11.73366,0,0,0,0,1,5.96702,24.55357,24.55357,3.04100,2.07850,0.16201,0.00000,1.1800,0.2400,0.8200,0.04500,models=1
no_actuator_lag_contract,combined_gap,2,6,1,0.03948,0.68674,11.56387,0,0,0,1,1,1.60718,2.97619,2.97619,1.83710,2.65221,0.57040,0.00000,1.1800,0.2400,0.8200,0.04500,models=1
no_actuator_lag_contract,combined_gap,2,7,1,0.04131,0.57560,7.93604,0,0,0,1,1,4.50367,19.34524,19.34524,2.20363,0.87866,0.09082,0.00000,1.1800,0.2400,0.8200,0.04500,models=1
no_actuator_lag_contract,combined_gap,2,8,1,0.05097,0.48945,7.61519,0,0,0,1,1,1.38690,5.20833,5.20833,0.66411,0.84335,0.21871,0.00000,1.1800,0.2400,0.8200,0.04500,models=1
no_actuator_lag_contract,combined_gap,2,9,1,0.05957,0.55319,8.17664,0,0,0,1,1,4.92115,20.83333,20.83333,2.52623,1.19897,0.04721,0.00000,1.1800,0.2400,0.8200,0.04500,models=1
no_actuator_lag_contract,combined_gap,2,10,1,0.07346,0.53093,7.96607,0,0,0,1,1,1.27642,4.46429,4.46429,0.96672,0.79187,0.15922,0.00000,1.1800,0.2400,0.8200,0.04500,models=1
no_actuator_lag_contract,combined_gap,2,11,0,0.07851,0.52744,10.08792,0,0,0,0,1,1.89802,7.44048,7.44048,1.24610,0.73234,0.07120,0.00000,1.1800,0.2400,0.8200,0.04500,models=1
no_actuator_lag_contract,combined_gap,3,0,1,0.05535,0.63257,11.39590,0,1,0,0,0,0.40090,0.82626,0.74405,0.09663,0.82626,0.33755,0.00000,1.1800,0.2400,0.8200,0.04500,models=1
no_actuator_lag_contract,combined_gap,3,1,1,0.07355,0.39780,7.99367,0,0,0,1,1,1.09935,2.97619,2.97619,2.27449,0.11089,0.13517,0.00000,1.1800,0.2400,0.8200,0.04500,models=1
no_actuator_lag_contract,combined_gap,3,2,0,0.10476,0.53260,7.01598,0,0,0,0,1,0.67921,2.23214,2.23214,0.30281,0.60129,0.25982,0.00000,1.1800,0.2400,0.8200,0.04500,models=1
no_actuator_lag_contract,combined_gap,3,3,1,0.03027,0.59441,9.94802,0,0,0,1,1,3.36380,14.13690,14.13690,1.57245,1.00879,0.10084,0.00000,1.1800,0.2400,0.8200,0.04500,models=1
no_actuator_lag_contract,combined_gap,3,4,1,0.03473,0.50778,7.18329,0,0,0,1,1,5.34041,22.32143,22.32143,2.82276,1.47669,0.08115,0.00000,1.1800,0.2400,0.8200,0.04500,models=1
no_actuator_lag_contract,combined_gap,3,5,1,0.05560,0.54698,10.57801,0,0,0,1,1,1.04477,2.97619,2.97619,1.50683,0.42036,0.32047,0.00000,1.1800,0.2400,0.8200,0.04500,models=1
no_actuator_lag_contract,combined_gap,3,6,0,0.07876,0.41410,5.66110,0,0,0,0,1,0.86509,2.23214,2.23214,1.73791,0.20548,0.14992,0.00000,1.1800,0.2400,0.8200,0.04500,models=1
no_actuator_lag_contract,combined_gap,3,7,1,0.06729,0.43080,7.85374,0,0,0,1,1,1.10765,2.97619,2.97619,1.92498,0.38128,0.25580,0.00000,1.1800,0.2400,0.8200,0.04500,models=1
no_actuator_lag_contract,combined_gap,3,8,1,0.02605,0.51840,8.66315,0,0,0,1,1,4.85051,20.83333,20.83333,2.38444,0.99080,0.04399,0.00000,1.1800,0.2400,0.8200,0.04500,models=1
no_actuator_lag_contract,combined_gap,3,9,1,0.06144,0.58640,11.96360,0,0,0,1,1,3.89952,16.36905,16.36905,2.11124,1.00799,0.00932,0.00000,1.1800,0.2400,0.8200,0.04500,models=1
no_actuator_lag_contract,combined_gap,3,10,1,0.03995,0.47164,7.68997,0,0,0,1,1,2.18073,8.92857,8.92857,1.12311,0.78208,0.06987,0.00000,1.1800,0.2400,0.8200,0.04500,models=1
no_actuator_lag_contract,combined_gap,3,11,1,0.02891,0.48692,8.34576,0,0,0,1,1,3.55559,14.88095,14.88095,1.96007,0.91692,0.01999,0.00000,1.1800,0.2400,0.8200,0.04500,models=1
no_actuator_lag_contract,combined_gap,4,0,1,0.05445,0.39781,6.54513,0,0,0,1,1,1.03325,2.97619,2.97619,1.55709,0.39123,0.24174,0.00000,1.1800,0.2400,0.8200,0.04500,models=1
no_actuator_lag_contract,combined_gap,4,1,1,0.04154,0.51885,8.05036,0,0,0,1,1,6.05851,25.29762,25.29762,3.06927,1.81621,0.10943,0.00000,1.1800,0.2400,0.8200,0.04500,models=1
no_actuator_lag_contract,combined_gap,4,2,1,0.04293,0.55446,11.44054,0,0,0,1,1,2.55808,10.41667,10.41667,1.52813,0.81143,0.03419,0.00000,1.1800,0.2400,0.8200,0.04500,models=1
no_actuator_lag_contract,combined_gap,4,3,1,0.03379,0.55465,9.42945,0,0,0,1,1,0.66175,2.23214,2.23214,0.03558,0.69395,0.34705,0.00000,1.1800,0.2400,0.8200,0.04500,models=1
no_actuator_lag_contract,combined_gap,4,4,1,0.05593,0.55603,10.08319,0,0,0,1,1,2.83847,11.90476,11.90476,1.51862,0.73292,0.03604,0.00000,1.1800,0.2400,0.8200,0.04500,models=1
no_actuator_lag_contract,combined_gap,4,5,0,0.08762,0.55904,10.17079,0,0,0,0,1,5.22808,22.32143,22.32143,2.69808,1.02805,0.09283,0.00000,1.1800,0.2400,0.8200,0.04500,models=1
no_actuator_lag_contract,combined_gap,4,6,1,0.05922,0.55830,7.28729,0,0,0,1,1,4.37437,18.60119,18.60119,2.27999,0.96151,0.02917,0.00000,1.1800,0.2400,0.8200,0.04500,models=1
no_actuator_lag_contract,combined_gap,4,7,0,0.08849,0.58561,13.35902,0,0,0,0,1,2.71680,11.16071,11.16071,1.55013,0.81170,0.06146,0.00000,1.1800,0.2400,0.8200,0.04500,models=1
no_actuator_lag_contract,combined_gap,4,8,1,0.04555,0.53854,10.18880,0,0,0,1,1,1.70136,6.69643,6.69643,0.88658,0.80264,0.12116,0.00000,1.1800,0.2400,0.8200,0.04500,models=1
no_actuator_lag_contract,combined_gap,4,9,0,0.20480,0.40513,5.34211,0,0,0,0,1,3.07785,12.64881,12.64881,1.87191,0.85770,0.01084,0.00000,1.1800,0.2400,0.8200,0.04500,models=1
no_actuator_lag_contract,combined_gap,4,10,0,0.10473,0.48237,6.09061,0,0,0,0,1,0.56216,2.23214,2.23214,0.05497,0.38869,0.13502,0.00000,1.1800,0.2400,0.8200,0.04500,models=1
no_actuator_lag_contract,combined_gap,4,11,0,0.12734,0.46186,6.05886,0,0,0,0,1,0.51060,1.48810,1.48810,0.27365,0.56894,0.22233,0.00000,1.1800,0.2400,0.8200,0.04500,models=1
scalar_residual_only,combined_gap,0,0,1,0.04115,0.50371,8.16967,0,1,0,0,0,0.05549,0.05549,0.00000,0.00000,0.00000,0.00000,0.00000,1.1800,0.2400,0.8200,0.04500,models=1
scalar_residual_only,combined_gap,0,1,1,0.05624,0.51369,9.09298,0,1,0,0,0,0.10712,0.10712,0.00000,0.00000,0.00000,0.00000,0.00000,1.1800,0.2400,0.8200,0.04500,models=1
scalar_residual_only,combined_gap,0,2,0,0.19646,0.28701,3.17768,0,1,1,0,0,0.09445,0.09445,0.00000,0.00000,0.00000,0.00000,0.00000,1.1800,0.2400,0.8200,0.04500,models=1
scalar_residual_only,combined_gap,0,3,1,0.04081,0.54864,7.67914,0,1,0,0,0,0.00416,0.00416,0.00000,0.00000,0.00000,0.00000,0.00000,1.1800,0.2400,0.8200,0.04500,models=1
scalar_residual_only,combined_gap,0,4,0,0.10978,0.43787,5.65896,0,1,1,0,0,0.21630,0.21630,0.00000,0.00000,0.00000,0.00000,0.00000,1.1800,0.2400,0.8200,0.04500,models=1
scalar_residual_only,combined_gap,0,5,0,0.16428,0.53445,7.52115,0,1,1,0,0,0.06149,0.06149,0.00000,0.00000,0.00000,0.00000,0.00000,1.1800,0.2400,0.8200,0.04500,models=1
scalar_residual_only,combined_gap,0,6,1,0.04934,0.59911,9.65335,0,1,0,0,0,0.11284,0.11284,0.00000,0.00000,0.00000,0.00000,0.00000,1.1800,0.2400,0.8200,0.04500,models=1
scalar_residual_only,combined_gap,0,7,1,0.05609,0.54249,7.73268,0,1,0,0,0,0.25601,0.25601,0.00000,0.00000,0.00000,0.00000,0.00000,1.1800,0.2400,0.8200,0.04500,models=1
scalar_residual_only,combined_gap,0,8,0,0.32497,0.50689,19.00934,0,1,1,0,0,0.38776,0.38776,0.00000,0.00000,0.00000,0.00000,0.00000,1.1800,0.2400,0.8200,0.04500,models=1
scalar_residual_only,combined_gap,0,9,0,0.08370,0.54532,10.03832,0,1,1,0,0,0.18939,0.18939,0.00000,0.00000,0.00000,0.00000,0.00000,1.1800,0.2400,0.8200,0.04500,models=1
scalar_residual_only,combined_gap,0,10,1,0.04458,0.77551,12.53732,0,1,0,0,0,0.73225,0.73225,0.00000,0.00000,0.00000,0.00000,0.00000,1.1800,0.2400,0.8200,0.04500,models=1
scalar_residual_only,combined_gap,0,11,0,0.08229,0.53086,7.32995,0,1,1,0,0,0.17346,0.17346,0.00000,0.00000,0.00000,0.00000,0.00000,1.1800,0.2400,0.8200,0.04500,models=1
scalar_residual_only,combined_gap,1,0,1,0.04431,0.47648,7.48772,0,1,0,0,0,0.01278,0.01278,0.00000,0.00000,0.00000,0.00000,0.00000,1.1800,0.2400,0.8200,0.04500,models=1
scalar_residual_only,combined_gap,1,1,0,0.13696,0.56034,11.94849,0,1,1,0,0,0.16719,0.16719,0.00000,0.00000,0.00000,0.00000,0.00000,1.1800,0.2400,0.8200,0.04500,models=1
scalar_residual_only,combined_gap,1,2,1,0.05195,0.48770,8.76280,0,1,0,0,0,0.06183,0.06183,0.00000,0.00000,0.00000,0.00000,0.00000,1.1800,0.2400,0.8200,0.04500,models=1
scalar_residual_only,combined_gap,1,3,0,0.09912,0.46215,7.95798,0,1,1,0,0,0.18982,0.18982,0.00000,0.00000,0.00000,0.00000,0.00000,1.1800,0.2400,0.8200,0.04500,models=1
scalar_residual_only,combined_gap,1,4,1,0.05174,0.54241,9.69361,0,1,0,0,0,0.13243,0.13243,0.00000,0.00000,0.00000,0.00000,0.00000,1.1800,0.2400,0.8200,0.04500,models=1
scalar_residual_only,combined_gap,1,5,0,0.07778,0.52364,7.90493,0,1,1,0,0,0.15598,0.15598,0.00000,0.00000,0.00000,0.00000,0.00000,1.1800,0.2400,0.8200,0.04500,models=1
scalar_residual_only,combined_gap,1,6,0,0.10188,0.54517,9.96126,0,1,1,0,0,0.04214,0.04214,0.00000,0.00000,0.00000,0.00000,0.00000,1.1800,0.2400,0.8200,0.04500,models=1
scalar_residual_only,combined_gap,1,7,1,0.04587,0.58002,10.08623,0,1,0,0,0,0.02730,0.02730,0.00000,0.00000,0.00000,0.00000,0.00000,1.1800,0.2400,0.8200,0.04500,models=1
scalar_residual_only,combined_gap,1,8,1,0.06580,0.61263,11.31409,0,1,0,0,0,0.28316,0.28316,0.00000,0.00000,0.00000,0.00000,0.00000,1.1800,0.2400,0.8200,0.04500,models=1
scalar_residual_only,combined_gap,1,9,1,0.07236,0.55033,10.83796,0,1,0,0,0,0.19550,0.19550,0.00000,0.00000,0.00000,0.00000,0.00000,1.1800,0.2400,0.8200,0.04500,models=1
scalar_residual_only,combined_gap,1,10,0,0.07797,0.53479,10.24699,0,1,1,0,0,0.03072,0.03072,0.00000,0.00000,0.00000,0.00000,0.00000,1.1800,0.2400,0.8200,0.04500,models=1
scalar_residual_only,combined_gap,1,11,1,0.04813,0.54033,12.09770,0,1,0,0,0,0.01201,0.01201,0.00000,0.00000,0.00000,0.00000,0.00000,1.1800,0.2400,0.8200,0.04500,models=1
scalar_residual_only,combined_gap,2,0,0,0.10677,0.54939,8.10593,0,1,1,0,0,0.06783,0.06783,0.00000,0.00000,0.00000,0.00000,0.00000,1.1800,0.2400,0.8200,0.04500,models=1
scalar_residual_only,combined_gap,2,1,1,0.03065,0.46489,7.71015,0,1,0,0,0,0.28821,0.28821,0.00000,0.00000,0.00000,0.00000,0.00000,1.1800,0.2400,0.8200,0.04500,models=1
scalar_residual_only,combined_gap,2,2,1,0.04951,0.58692,8.43411,0,1,0,0,0,0.00897,0.00897,0.00000,0.00000,0.00000,0.00000,0.00000,1.1800,0.2400,0.8200,0.04500,models=1
scalar_residual_only,combined_gap,2,3,1,0.04609,0.55976,13.56351,0,1,0,0,0,0.04670,0.04670,0.00000,0.00000,0.00000,0.00000,0.00000,1.1800,0.2400,0.8200,0.04500,models=1
scalar_residual_only,combined_gap,2,4,1,0.03783,0.84589,67.29622,0,0,0,1,1,1.40543,1.40543,0.00000,0.00000,0.00000,0.00000,0.00000,1.1800,0.2400,0.8200,0.04500,models=1
scalar_residual_only,combined_gap,2,5,1,0.05698,0.51583,8.04346,0,1,0,0,0,0.12294,0.12294,0.00000,0.00000,0.00000,0.00000,0.00000,1.1800,0.2400,0.8200,0.04500,models=1
scalar_residual_only,combined_gap,2,6,0,0.12161,0.53374,7.82683,0,1,1,0,0,0.03272,0.03272,0.00000,0.00000,0.00000,0.00000,0.00000,1.1800,0.2400,0.8200,0.04500,models=1
scalar_residual_only,combined_gap,2,7,0,0.08839,0.49438,5.88038,0,1,1,0,0,0.23302,0.23302,0.00000,0.00000,0.00000,0.00000,0.00000,1.1800,0.2400,0.8200,0.04500,models=1
scalar_residual_only,combined_gap,2,8,1,0.04493,0.51340,6.02597,0,1,0,0,0,0.10874,0.10874,0.00000,0.00000,0.00000,0.00000,0.00000,1.1800,0.2400,0.8200,0.04500,models=1
scalar_residual_only,combined_gap,2,9,0,0.09309,0.53333,7.83839,0,1,1,0,0,0.08167,0.08167,0.00000,0.00000,0.00000,0.00000,0.00000,1.1800,0.2400,0.8200,0.04500,models=1
scalar_residual_only,combined_gap,2,10,1,0.03852,0.67983,10.30876,0,1,0,0,0,0.32706,0.32706,0.00000,0.00000,0.00000,0.00000,0.00000,1.1800,0.2400,0.8200,0.04500,models=1
scalar_residual_only,combined_gap,2,11,0,0.08729,0.49918,9.53504,0,1,1,0,0,0.16522,0.16522,0.00000,0.00000,0.00000,0.00000,0.00000,1.1800,0.2400,0.8200,0.04500,models=1
scalar_residual_only,combined_gap,3,0,1,0.03693,0.47919,8.57552,0,1,0,0,0,0.21520,0.21520,0.00000,0.00000,0.00000,0.00000,0.00000,1.1800,0.2400,0.8200,0.04500,models=1
scalar_residual_only,combined_gap,3,1,1,0.06829,0.59991,13.50175,0,1,0,0,0,0.21193,0.21193,0.00000,0.00000,0.00000,0.00000,0.00000,1.1800,0.2400,0.8200,0.04500,models=1
scalar_residual_only,combined_gap,3,2,1,0.05436,0.57258,10.59689,0,1,0,0,0,0.07001,0.07001,0.00000,0.00000,0.00000,0.00000,0.00000,1.1800,0.2400,0.8200,0.04500,models=1
scalar_residual_only,combined_gap,3,3,0,0.11019,0.55831,10.09292,0,1,1,0,0,0.22631,0.22631,0.00000,0.00000,0.00000,0.00000,0.00000,1.1800,0.2400,0.8200,0.04500,models=1
scalar_residual_only,combined_gap,3,4,1,0.06025,0.49643,9.41104,0,1,0,0,0,0.13230,0.13230,0.00000,0.00000,0.00000,0.00000,0.00000,1.1800,0.2400,0.8200,0.04500,models=1
scalar_residual_only,combined_gap,3,5,1,0.03403,0.46038,7.49970,0,1,0,0,0,0.26743,0.26743,0.00000,0.00000,0.00000,0.00000,0.00000,1.1800,0.2400,0.8200,0.04500,models=1
scalar_residual_only,combined_gap,3,6,1,0.04144,0.49128,9.93528,0,1,0,0,0,0.08119,0.08119,0.00000,0.00000,0.00000,0.00000,0.00000,1.1800,0.2400,0.8200,0.04500,models=1
scalar_residual_only,combined_gap,3,7,0,0.07811,0.56683,12.50830,0,1,1,0,0,0.25130,0.25130,0.00000,0.00000,0.00000,0.00000,0.00000,1.1800,0.2400,0.8200,0.04500,models=1
scalar_residual_only,combined_gap,3,8,1,0.03643,0.48211,8.30918,0,1,0,0,0,0.02529,0.02529,0.00000,0.00000,0.00000,0.00000,0.00000,1.1800,0.2400,0.8200,0.04500,models=1
scalar_residual_only,combined_gap,3,9,0,0.15208,0.38505,5.53994,0,1,1,0,0,0.15737,0.15737,0.00000,0.00000,0.00000,0.00000,0.00000,1.1800,0.2400,0.8200,0.04500,models=1
scalar_residual_only,combined_gap,3,10,1,0.04732,0.83402,52.36712,0,0,0,1,1,1.20583,1.20583,0.00000,0.00000,0.00000,0.00000,0.00000,1.1800,0.2400,0.8200,0.04500,models=1
scalar_residual_only,combined_gap,3,11,1,0.03704,0.48756,6.58761,0,1,0,0,0,0.23990,0.23990,0.00000,0.00000,0.00000,0.00000,0.00000,1.1800,0.2400,0.8200,0.04500,models=1
scalar_residual_only,combined_gap,4,0,0,0.10276,0.55520,8.69144,0,1,1,0,0,0.02460,0.02460,0.00000,0.00000,0.00000,0.00000,0.00000,1.1800,0.2400,0.8200,0.04500,models=1
scalar_residual_only,combined_gap,4,1,1,0.04548,0.57124,11.78452,0,1,0,0,0,0.26529,0.26529,0.00000,0.00000,0.00000,0.00000,0.00000,1.1800,0.2400,0.8200,0.04500,models=1
scalar_residual_only,combined_gap,4,2,1,0.05209,0.59057,10.70319,0,1,0,0,0,0.22080,0.22080,0.00000,0.00000,0.00000,0.00000,0.00000,1.1800,0.2400,0.8200,0.04500,models=1
scalar_residual_only,combined_gap,4,3,0,0.12961,0.48459,8.81761,0,1,1,0,0,0.25370,0.25370,0.00000,0.00000,0.00000,0.00000,0.00000,1.1800,0.2400,0.8200,0.04500,models=1
scalar_residual_only,combined_gap,4,4,1,0.06366,0.57627,10.94494,0,1,0,0,0,0.06349,0.06349,0.00000,0.00000,0.00000,0.00000,0.00000,1.1800,0.2400,0.8200,0.04500,models=1
scalar_residual_only,combined_gap,4,5,1,0.03830,0.58974,7.60005,0,1,0,0,0,0.24510,0.24510,0.00000,0.00000,0.00000,0.00000,0.00000,1.1800,0.2400,0.8200,0.04500,models=1
scalar_residual_only,combined_gap,4,6,1,0.04921,0.53770,10.95929,0,1,0,0,0,0.16988,0.16988,0.00000,0.00000,0.00000,0.00000,0.00000,1.1800,0.2400,0.8200,0.04500,models=1
scalar_residual_only,combined_gap,4,7,1,0.05954,0.52827,8.76796,0,1,0,0,0,0.22528,0.22528,0.00000,0.00000,0.00000,0.00000,0.00000,1.1800,0.2400,0.8200,0.04500,models=1
scalar_residual_only,combined_gap,4,8,1,0.03800,0.50133,8.35083,0,1,0,0,0,0.07539,0.07539,0.00000,0.00000,0.00000,0.00000,0.00000,1.1800,0.2400,0.8200,0.04500,models=1
scalar_residual_only,combined_gap,4,9,1,0.03454,0.53888,7.75489,0,1,0,0,0,0.16524,0.16524,0.00000,0.00000,0.00000,0.00000,0.00000,1.1800,0.2400,0.8200,0.04500,models=1
scalar_residual_only,combined_gap,4,10,1,0.07217,0.50551,8.65904,0,1,0,0,0,0.01779,0.01779,0.00000,0.00000,0.00000,0.00000,0.00000,1.1800,0.2400,0.8200,0.04500,models=1
scalar_residual_only,combined_gap,4,11,1,0.04325,0.53010,8.92187,0,1,0,0,0,0.05659,0.05659,0.00000,0.00000,0.00000,0.00000,0.00000,1.1800,0.2400,0.8200,0.04500,models=1
